Ano de eleição,Cargo,Coligação,Cor/raça,Detalhe da situação de candidatura,Estado civil,Faixa etária,Federação,Gênero,Grau de instrução,Município,Nacionalidade,Nome social,Ocupação,Reeleição,Região,Sigla partido,Situação de candidatura,Situação de totalização,Tipo eleição,Turno,UF,Quantidade de candidatos,Quantidade de candidatos eleitos,Quantidade de candidatos para o 2º turno,Quantidade de candidatos não eleitos,Quantidade de candidatos suplentes,Quantidade de candidatos não informados,Data de carga
1996,PREFEITO,A FORCA DA RENOVACAO,#NE,#NE,#NE,40 a 44 anos,,#NE,#NE,MARCOS PARENTE,#NE,N,#NE,#NE,NORDESTE,PMDB,#NE,NAO ELEITO,Eleição Ordinária,1,PI,1.0,0.0,0.0,1.0,0.0,0.0,2021-06-21 15:28:17
1996,PREFEITO,A FORCA DA UNIAO E DO TRABALHO,#NE,#NE,#NE,35 a 39 anos,,#NE,#NE,MONSENHOR GIL,#NE,N,#NE,#NE,NORDESTE,PFL,#NE,ELEITO,Eleição Ordinária,1,PI,1.0,1.0,0.0,0.0,0.0,0.0,2021-06-21 15:28:17
1996,PREFEITO,A FORCA QUE VEM DO POVO,#NE,#NE,#NE,75 a 79 anos,,#NE,#NE,TERESINA,#NE,N,#NE,#NE,NORDESTE,PMDB,#NE,2.O TURNO,Eleição Ordinária,1,PI,1.0,0.0,1.0,0.0,0.0,0.0,2021-06-21 15:28:17
1996,PREFEITO,A FORCA QUE VEM DO POVO,#NE,#NE,#NE,75 a 79 anos,,#NE,#NE,TERESINA,#NE,N,#NE,#NE,NORDESTE,PMDB,#NE,NAO ELEITO,Eleição Ordinária,2,PI,1.0,0.0,0.0,1.0,0.0,0.0,2021-06-21 15:28:17
1996,PREFEITO,A HORA DO POVO,#NE,#NE,#NE,25 a 29 anos,,#NE,#NE,BARRA DOS COQUEIROS,#NE,N,#NE,#NE,NORDESTE,PT DO B,#NE,#NULO#,Eleição Ordinária,1,SE,1.0,0.0,0.0,0.0,0.0,1.0,2021-06-21 15:28:17
1996,PREFEITO,A HORA E A VEZ,#NE,#NE,#NE,30 a 34 anos,,#NE,#NE,FLORESTA DO PIAUI,#NE,N,#NE,#NE,NORDESTE,PTB,#NE,ELEITO,Eleição Ordinária,1,PI,1.0,1.0,0.0,0.0,0.0,0.0,2021-06-21 15:28:17
1996,PREFEITO,A LUTA PELA IGUALDADE,#NE,#NE,#NE,50 a 54 anos,,#NE,#NE,SALVADOR,#NE,N,#NE,#NE,NORDESTE,PSDB,#NE,NAO ELEITO,Eleição Ordinária,1,BA,1.0,0.0,0.0,1.0,0.0,0.0,2021-06-21 15:28:17
1996,PREFEITO,A VERDADEIRA MUDANCA,#NE,#NE,#NE,35 a 39 anos,,#NE,#NE,MATIAS OLIMPIO,#NE,N,#NE,#NE,NORDESTE,PPS,#NE,NAO ELEITO,Eleição Ordinária,1,PI,1.0,0.0,0.0,1.0,0.0,0.0,2021-06-21 15:28:17
1996,PREFEITO,A VEZ DO POVO,#NE,#NE,#NE,35 a 39 anos,,#NE,#NE,CAPITAO DE CAMPOS,#NE,N,#NE,#NE,NORDESTE,PMDB,#NE,NAO ELEITO,Eleição Ordinária,1,PI,1.0,0.0,0.0,1.0,0.0,0.0,2021-06-21 15:28:17
1996,PREFEITO,A VEZ DO POVO,#NE,#NE,#NE,35 a 39 anos,,#NE,#NE,SANTO INACIO DO PIAUI,#NE,N,#NE,#NE,NORDESTE,PSDB,#NE,ELEITO,Eleição Ordinária,1,PI,1.0,1.0,0.0,0.0,0.0,0.0,2021-06-21 15:28:17
1996,PREFEITO,A VEZ DO POVO,#NE,#NE,#NE,50 a 54 anos,,#NE,#NE,COLONIA DO GURGUEIA,#NE,N,#NE,#NE,NORDESTE,PFL,#NE,NAO ELEITO,Eleição Ordinária,1,PI,1.0,0.0,0.0,1.0,0.0,0.0,2021-06-21 15:28:17
1996,PREFEITO,A VITORIA DO POVO,#NE,#NE,#NE,45 a 49 anos,,#NE,#NE,ANGICAL DO PIAUI,#NE,N,#NE,#NE,NORDESTE,PTB,#NE,ELEITO,Eleição Ordinária,1,PI,1.0,1.0,0.0,0.0,0.0,0.0,2021-06-21 15:28:17
1996,PREFEITO,A VOLTA DO PROGRESSO,#NE,#NE,#NE,30 a 34 anos,,#NE,#NE,DEMERVAL LOBAO,#NE,N,#NE,#NE,NORDESTE,PMDB,#NE,ELEITO,Eleição Ordinária,1,PI,1.0,1.0,0.0,0.0,0.0,0.0,2021-06-21 15:28:17
1996,PREFEITO,A VONTADE DO POVO,#NE,#NE,#NE,40 a 44 anos,,#NE,#NE,DEMERVAL LOBAO,#NE,N,#NE,#NE,NORDESTE,PTB,#NE,NAO ELEITO,Eleição Ordinária,1,PI,1.0,0.0,0.0,1.0,0.0,0.0,2021-06-21 15:28:17
1996,PREFEITO,A VONTADE DO POVO,#NE,#NE,#NE,40 a 44 anos,,#NE,#NE,RIBEIRO GONCALVES,#NE,N,#NE,#NE,NORDESTE,PTB,#NE,NAO ELEITO,Eleição Ordinária,1,PI,1.0,0.0,0.0,1.0,0.0,0.0,2021-06-21 15:28:17
1996,PREFEITO,A VONTADE DO POVO,#NE,#NE,#NE,45 a 49 anos,,#NE,#NE,WALL FERRAZ,#NE,N,#NE,#NE,NORDESTE,PFL,#NE,ELEITO,Eleição Ordinária,1,PI,1.0,1.0,0.0,0.0,0.0,0.0,2021-06-21 15:28:17
1996,PREFEITO,A VONTADE DO POVO,#NE,#NE,#NE,50 a 54 anos,,#NE,#NE,FLORESTA DO PIAUI,#NE,N,#NE,#NE,NORDESTE,PFL,#NE,NAO ELEITO,Eleição Ordinária,1,PI,1.0,0.0,0.0,1.0,0.0,0.0,2021-06-21 15:28:17
1996,PREFEITO,A VONTADE DO POVO,#NE,#NE,#NE,60 a 64 anos,,#NE,#NE,BARRA DOS COQUEIROS,#NE,N,#NE,#NE,NORDESTE,PTB,#NE,#NULO#,Eleição Ordinária,1,SE,1.0,0.0,0.0,0.0,0.0,1.0,2021-06-21 15:28:17
1996,PREFEITO,ACREDITAR NO POVO,#NE,#NE,#NE,35 a 39 anos,,#NE,#NE,VILA NOVA DO PIAUI,#NE,N,#NE,#NE,NORDESTE,PSDB,#NE,ELEITO,Eleição Ordinária,1,PI,1.0,1.0,0.0,0.0,0.0,0.0,2021-06-21 15:28:17
1996,PREFEITO,ALIANCA 2000,#NE,#NE,#NE,55 a 59 anos,,#NE,#NE,CAMPO GRANDE,#NE,N,#NE,#NE,CENTRO-OESTE,PPB,#NE,NAO ELEITO,Eleição Ordinária,1,MS,1.0,0.0,0.0,1.0,0.0,0.0,2021-06-21 15:28:17
1996,PREFEITO,ALIANCA COM O POVO,#NE,#NE,#NE,25 a 29 anos,,#NE,#NE,SAO GONCALO DO PIAUI,#NE,N,#NE,#NE,NORDESTE,PSDB,#NE,NAO ELEITO,Eleição Ordinária,1,PI,1.0,0.0,0.0,1.0,0.0,0.0,2021-06-21 15:28:17
1996,PREFEITO,ALIANCA DEMOCRATICA,#NE,#NE,#NE,65 a 69 anos,,#NE,#NE,MANAUS,#NE,N,#NE,#NE,NORTE,PMDB,#NE,NAO ELEITO,Eleição Ordinária,1,AM,1.0,0.0,0.0,1.0,0.0,0.0,2021-06-21 15:28:17
1996,PREFEITO,ALIANCA DEMOCRATICA SAMPEDRENSE,#NE,#NE,#NE,45 a 49 anos,,#NE,#NE,SAO PEDRO DO PIAUI,#NE,N,#NE,#NE,NORDESTE,PMDB,#NE,NAO ELEITO,Eleição Ordinária,1,PI,1.0,0.0,0.0,1.0,0.0,0.0,2021-06-21 15:28:17
1996,PREFEITO,ALIANCA DO POVO,#NE,#NE,#NE,40 a 44 anos,,#NE,#NE,MANAUS,#NE,N,#NE,#NE,NORTE,PPB,#NE,2.O TURNO,Eleição Ordinária,1,AM,1.0,0.0,1.0,0.0,0.0,0.0,2021-06-21 15:28:17
1996,PREFEITO,ALIANCA DO POVO,#NE,#NE,#NE,40 a 44 anos,,#NE,#NE,MANAUS,#NE,N,#NE,#NE,NORTE,PPB,#NE,ELEITO,Eleição Ordinária,2,AM,1.0,1.0,0.0,0.0,0.0,0.0,2021-06-21 15:28:17
1996,PREFEITO,ALIANCA PARA O PROGRESSO,#NE,#NE,#NE,55 a 59 anos,,#NE,#NE,ELISEU MARTINS,#NE,N,#NE,#NE,NORDESTE,PFL,#NE,ELEITO,Eleição Ordinária,1,PI,1.0,1.0,0.0,0.0,0.0,0.0,2021-06-21 15:28:17
1996,PREFEITO,ALIANCA PELA VIDA,#NE,#NE,#NE,35 a 39 anos,,#NE,#NE,FLORIANOPOLIS,#NE,N,#NE,#NE,SUL,PV,#NE,#NULO#,Eleição Ordinária,1,SC,1.0,0.0,0.0,0.0,0.0,1.0,2021-06-21 15:28:17
1996,PREFEITO,ALIANCA POPULAR,#NE,#NE,#NE,40 a 44 anos,,#NE,#NE,PALMEIRAIS,#NE,N,#NE,#NE,NORDESTE,PTB,#NE,NAO ELEITO,Eleição Ordinária,1,PI,1.0,0.0,0.0,1.0,0.0,0.0,2021-06-21 15:28:17
1996,PREFEITO,ALIANCA PROGRESSISTA LIBERAL,#NE,#NE,#NE,55 a 59 anos,,#NE,#NE,BUJARI,#NE,N,#NE,#NE,NORTE,PPB,#NE,NAO ELEITO,Eleição Ordinária,1,AC,1.0,0.0,0.0,1.0,0.0,0.0,2021-06-21 15:28:17
1996,PREFEITO,APOSENTADOS SOLIDARISTAS,#NE,#NE,#NE,60 a 64 anos,,#NE,#NE,SALVADOR,#NE,N,#NE,#NE,NORDESTE,PAN,#NE,NAO ELEITO,Eleição Ordinária,1,BA,1.0,0.0,0.0,1.0,0.0,0.0,2021-06-21 15:28:17
1996,PREFEITO,ARACAJU A HORA E AGORA,#NE,#NE,#NE,50 a 54 anos,,#NE,#NE,ARACAJU,#NE,N,#NE,#NE,NORDESTE,PST,#NE,NAO ELEITO,Eleição Ordinária,1,SE,1.0,0.0,0.0,1.0,0.0,0.0,2021-06-21 15:28:17
1996,PREFEITO,ARACAJU CRESCENDO,#NE,#NE,#NE,30 a 34 anos,,#NE,#NE,ARACAJU,#NE,N,#NE,#NE,NORDESTE,PT DO B,#NE,NAO ELEITO,Eleição Ordinária,1,SE,1.0,0.0,0.0,1.0,0.0,0.0,2021-06-21 15:28:17
1996,PREFEITO,ARACAJU DO POVO,#NE,#NE,#NE,40 a 44 anos,,#NE,#NE,ARACAJU,#NE,N,#NE,#NE,NORDESTE,PT,#NE,2.O TURNO,Eleição Ordinária,1,SE,1.0,0.0,1.0,0.0,0.0,0.0,2021-06-21 15:28:17
1996,PREFEITO,ARACAJU DO POVO,#NE,#NE,#NE,40 a 44 anos,,#NE,#NE,ARACAJU,#NE,N,#NE,#NE,NORDESTE,PT,#NE,NAO ELEITO,Eleição Ordinária,2,SE,1.0,0.0,0.0,1.0,0.0,0.0,2021-06-21 15:28:17
1996,PREFEITO,ARACAJU PEDE BIS,#NE,#NE,#NE,40 a 44 anos,,#NE,#NE,ARACAJU,#NE,N,#NE,#NE,NORDESTE,PDT,#NE,NAO ELEITO,Eleição Ordinária,1,SE,1.0,0.0,0.0,1.0,0.0,0.0,2021-06-21 15:28:17
1996,PREFEITO,ARACAJU QUER MARIA,#NE,#NE,#NE,55 a 59 anos,,#NE,#NE,ARACAJU,#NE,N,#NE,#NE,NORDESTE,PFL,#NE,NAO ELEITO,Eleição Ordinária,1,SE,1.0,0.0,0.0,1.0,0.0,0.0,2021-06-21 15:28:17
1996,PREFEITO,ARRASTAO DA VITORIA,#NE,#NE,#NE,35 a 39 anos,,#NE,#NE,NOSSA SENHORA DOS REMEDIOS,#NE,N,#NE,#NE,NORDESTE,PTB,#NE,NAO ELEITO,Eleição Ordinária,1,PI,1.0,0.0,0.0,1.0,0.0,0.0,2021-06-21 15:28:17
1996,PREFEITO,ARRASTAO DA VITORIA,#NE,#NE,#NE,35 a 39 anos,,#NE,#NE,PALMEIRAIS,#NE,N,#NE,#NE,NORDESTE,PMDB,#NE,ELEITO,Eleição Ordinária,1,PI,1.0,1.0,0.0,0.0,0.0,0.0,2021-06-21 15:28:17
1996,PREFEITO,AVANCA RECIFE,#NE,#NE,#NE,45 a 49 anos,,#NE,#NE,RECIFE,#NE,N,#NE,#NE,NORDESTE,PSDB,#NE,NAO ELEITO,Eleição Ordinária,1,PE,1.0,0.0,0.0,1.0,0.0,0.0,2021-06-21 15:28:17
1996,PREFEITO,BANDEIRA PAULISTA,#NE,#NE,#NE,60 a 64 anos,,#NE,#NE,SAO PAULO,#NE,N,#NE,#NE,SUDESTE,PTN,#NE,NAO ELEITO,Eleição Ordinária,1,SP,1.0,0.0,0.0,1.0,0.0,0.0,2021-06-21 15:28:17
1996,PREFEITO,BARRA PRA FRENTE,#NE,#NE,#NE,35 a 39 anos,,#NE,#NE,BARRA DOS COQUEIROS,#NE,N,#NE,#NE,NORDESTE,PRP,#NE,#NULO#,Eleição Ordinária,1,SE,1.0,0.0,0.0,0.0,0.0,1.0,2021-06-21 15:28:17
1996,PREFEITO,BENEDITINOS PRECISA MUDAR,#NE,#NE,#NE,35 a 39 anos,,#NE,#NE,BENEDITINOS,#NE,N,#NE,#NE,NORDESTE,PMDB,#NE,NAO ELEITO,Eleição Ordinária,1,PI,1.0,0.0,0.0,1.0,0.0,0.0,2021-06-21 15:28:17
1996,PREFEITO,BH-2000,#NE,#NE,#NE,55 a 59 anos,,#NE,#NE,BELO HORIZONTE,#NE,N,#NE,#NE,SUDESTE,PFL,#NE,NAO ELEITO,Eleição Ordinária,1,MG,1.0,0.0,0.0,1.0,0.0,0.0,2021-06-21 15:28:17
1996,PREFEITO,BOA VISTA LIBERTA,#NE,#NE,#NE,50 a 54 anos,,#NE,#NE,BOA VISTA,#NE,N,#NE,#NE,NORTE,PST,#NE,NAO ELEITO,Eleição Ordinária,1,RR,1.0,0.0,0.0,1.0,0.0,0.0,2021-06-21 15:28:17
1996,PREFEITO,BOA VISTA PARA TODOS,#NE,#NE,#NE,45 a 49 anos,,#NE,#NE,BOA VISTA,#NE,N,#NE,#NE,NORTE,PSDB,#NE,NAO ELEITO,Eleição Ordinária,1,RR,1.0,0.0,0.0,1.0,0.0,0.0,2021-06-21 15:28:17
1996,PREFEITO,CAMPO LARGO LIVRE,#NE,#NE,#NE,45 a 49 anos,,#NE,#NE,CAMPO LARGO DO PIAUI,#NE,N,#NE,#NE,NORDESTE,PSDB,#NE,NAO ELEITO,Eleição Ordinária,1,PI,1.0,0.0,0.0,1.0,0.0,0.0,2021-06-21 15:28:17
1996,PREFEITO,COLIGACAO  SOCIALISTA DEMOCRATICA,#NE,#NE,#NE,25 a 29 anos,,#NE,#NE,PORTO ALEGRE DO PIAUI,#NE,N,#NE,#NE,NORDESTE,PPS,#NE,ELEITO,Eleição Ordinária,1,PI,1.0,1.0,0.0,0.0,0.0,0.0,2021-06-21 15:28:17
1996,PREFEITO,COLIGACAO ALVORADA UNIDA,#NE,#NE,#NE,35 a 39 anos,,#NE,#NE,ALVORADA DO GURGUEIA,#NE,N,#NE,#NE,NORDESTE,PPS,#NE,NAO ELEITO,Eleição Ordinária,1,PI,1.0,0.0,0.0,1.0,0.0,0.0,2021-06-21 15:28:17
1996,PREFEITO,COLIGACAO COM O POVO,#NE,#NE,#NE,40 a 44 anos,,#NE,#NE,AROAZES,#NE,N,#NE,#NE,NORDESTE,PMDB,#NE,NAO ELEITO,Eleição Ordinária,1,PI,1.0,0.0,0.0,1.0,0.0,0.0,2021-06-21 15:28:17
1996,PREFEITO,COLIGACAO CONFIANCA E TRABALHO,#NE,#NE,#NE,30 a 34 anos,,#NE,#NE,SANTA CRUZ DOS MILAGRES,#NE,N,#NE,#NE,NORDESTE,PSDB,#NE,NAO ELEITO,Eleição Ordinária,1,PI,1.0,0.0,0.0,1.0,0.0,0.0,2021-06-21 15:28:17
1996,PREFEITO,COLIGACAO DA MUDANCA,#NE,#NE,#NE,55 a 59 anos,,#NE,#NE,FRANCINOPOLIS,#NE,N,#NE,#NE,NORDESTE,PSDB,#NE,NAO ELEITO,Eleição Ordinária,1,PI,1.0,0.0,0.0,1.0,0.0,0.0,2021-06-21 15:28:17
1996,PREFEITO,COLIGACAO DEMOCRATICA LIBERAL,#NE,#NE,#NE,45 a 49 anos,,#NE,#NE,SAO FRANCISCO DE ASSIS DO PIAUI,#NE,N,#NE,#NE,NORDESTE,PMDB,#NE,ELEITO,Eleição Ordinária,1,PI,1.0,1.0,0.0,0.0,0.0,0.0,2021-06-21 15:28:17
1996,PREFEITO,COLIGACAO DEMOCRATICA VONTADE DO POVO,#NE,#NE,#NE,35 a 39 anos,,#NE,#NE,MANOEL EMIDIO,#NE,N,#NE,#NE,NORDESTE,PMDB,#NE,ELEITO,Eleição Ordinária,1,PI,1.0,1.0,0.0,0.0,0.0,0.0,2021-06-21 15:28:17
1996,PREFEITO,COLIGACAO DO POVO,#NE,#NE,#NE,30 a 34 anos,,#NE,#NE,SAO MIGUEL DA BAIXA GRANDE,#NE,N,#NE,#NE,NORDESTE,PFL,#NE,ELEITO,Eleição Ordinária,1,PI,1.0,1.0,0.0,0.0,0.0,0.0,2021-06-21 15:28:17
1996,PREFEITO,COLIGACAO ESPERANCA,#NE,#NE,#NE,75 a 79 anos,,#NE,#NE,AROAZES,#NE,N,#NE,#NE,NORDESTE,PSDB,#NE,NAO ELEITO,Eleição Ordinária,1,PI,1.0,0.0,0.0,1.0,0.0,0.0,2021-06-21 15:28:17
1996,PREFEITO,COLIGACAO FORCA DO POVO,#NE,#NE,#NE,55 a 59 anos,,#NE,#NE,SAO FELIX DO PIAUI,#NE,N,#NE,#NE,NORDESTE,PDT,#NE,NAO ELEITO,Eleição Ordinária,1,PI,1.0,0.0,0.0,1.0,0.0,0.0,2021-06-21 15:28:17
1996,PREFEITO,COLIGACAO FORCA POPULAR,#NE,#NE,#NE,45 a 49 anos,,#NE,#NE,CAMPO GRANDE,#NE,N,#NE,#NE,CENTRO-OESTE,PMDB,#NE,2.O TURNO,Eleição Ordinária,1,MS,1.0,0.0,1.0,0.0,0.0,0.0,2021-06-21 15:28:17
1996,PREFEITO,COLIGACAO FORCA POPULAR,#NE,#NE,#NE,45 a 49 anos,,#NE,#NE,CAMPO GRANDE,#NE,N,#NE,#NE,CENTRO-OESTE,PMDB,#NE,ELEITO,Eleição Ordinária,2,MS,1.0,1.0,0.0,0.0,0.0,0.0,2021-06-21 15:28:17
1996,PREFEITO,COLIGACAO FRENTE DAS OPOSICOES,#NE,#NE,#NE,65 a 69 anos,,#NE,#NE,CAMPO GRANDE,#NE,N,#NE,#NE,CENTRO-OESTE,PTB,#NE,NAO ELEITO,Eleição Ordinária,1,MS,1.0,0.0,0.0,1.0,0.0,0.0,2021-06-21 15:28:17
1996,PREFEITO,COLIGACAO FRENTE DE LIBERTACAO POPULAR,#NE,#NE,#NE,55 a 59 anos,,#NE,#NE,FRANCISCO SANTOS,#NE,N,#NE,#NE,NORDESTE,PMDB,#NE,ELEITO,Eleição Ordinária,1,PI,1.0,1.0,0.0,0.0,0.0,0.0,2021-06-21 15:28:17
1996,PREFEITO,COLIGACAO FRENTE POPULAR DAS OPOSI¿OES,#NE,#NE,#NE,45 a 49 anos,,#NE,#NE,JOAO PESSOA,#NE,N,#NE,#NE,NORDESTE,PMN,#NE,NAO ELEITO,Eleição Ordinária,1,PB,1.0,0.0,0.0,1.0,0.0,0.0,2021-06-21 15:28:17
1996,PREFEITO,COLIGACAO FRENTE POPULAR TRABALHISTA JERUMENHA,#NE,#NE,#NE,40 a 44 anos,,#NE,#NE,JERUMENHA,#NE,N,#NE,#NE,NORDESTE,PFL,#NE,ELEITO,Eleição Ordinária,1,PI,1.0,1.0,0.0,0.0,0.0,0.0,2021-06-21 15:28:17
1996,PREFEITO,COLIGACAO INTEGRACAO POPULAR,#NE,#NE,#NE,55 a 59 anos,,#NE,#NE,FRANCINOPOLIS,#NE,N,#NE,#NE,NORDESTE,PTB,#NE,ELEITO,Eleição Ordinária,1,PI,1.0,1.0,0.0,0.0,0.0,0.0,2021-06-21 15:28:17
1996,PREFEITO,COLIGACAO LIBERAL DEMOCRATA,#NE,#NE,#NE,40 a 44 anos,,#NE,#NE,ALVORADA DO GURGUEIA,#NE,N,#NE,#NE,NORDESTE,PFL,#NE,ELEITO,Eleição Ordinária,1,PI,1.0,1.0,0.0,0.0,0.0,0.0,2021-06-21 15:28:17
1996,PREFEITO,COLIGACAO MACAPA DO FUTURO,#NE,#NE,#NE,35 a 39 anos,,#NE,#NE,MACAPA,#NE,N,#NE,#NE,NORTE,PSDB,#NE,NAO ELEITO,Eleição Ordinária,1,AP,1.0,0.0,0.0,1.0,0.0,0.0,2021-06-21 15:28:17
1996,PREFEITO,COLIGACAO MACAPA PRA VALER,#NE,#NE,#NE,35 a 39 anos,,#NE,#NE,MACAPA,#NE,N,#NE,#NE,NORTE,PDT,#NE,NAO ELEITO,Eleição Ordinária,1,AP,1.0,0.0,0.0,1.0,0.0,0.0,2021-06-21 15:28:17
1996,PREFEITO,COLIGACAO MELHOR PRA BELEM,#NE,#NE,#NE,55 a 59 anos,,#NE,#NE,BELEM,#NE,N,#NE,#NE,NORTE,PDT,#NE,2.O TURNO,Eleição Ordinária,1,PA,1.0,0.0,1.0,0.0,0.0,0.0,2021-06-21 15:28:17
1996,PREFEITO,COLIGACAO MELHOR PRA BELEM,#NE,#NE,#NE,55 a 59 anos,,#NE,#NE,BELEM,#NE,N,#NE,#NE,NORTE,PDT,#NE,NAO ELEITO,Eleição Ordinária,2,PA,1.0,0.0,0.0,1.0,0.0,0.0,2021-06-21 15:28:17
1996,PREFEITO,COLIGACAO MOBILIZACAO LIBERAL TRABALHISTA,#NE,#NE,#NE,30 a 34 anos,,#NE,#NE,CRISTINO CASTRO,#NE,N,#NE,#NE,NORDESTE,PFL,#NE,ELEITO,Eleição Ordinária,1,PI,1.0,1.0,0.0,0.0,0.0,0.0,2021-06-21 15:28:17
1996,PREFEITO,COLIGACAO MOVIMENTO POPULAR MUDA JOAO PESSOA,#NE,#NE,#NE,35 a 39 anos,,#NE,#NE,JOAO PESSOA,#NE,N,#NE,#NE,NORDESTE,PSB,#NE,NAO ELEITO,Eleição Ordinária,1,PB,1.0,0.0,0.0,1.0,0.0,0.0,2021-06-21 15:28:17
1996,PREFEITO,COLIGACAO MUDA MACAPA,#NE,#NE,#NE,40 a 44 anos,,#NE,#NE,MACAPA,#NE,N,#NE,#NE,NORTE,PSC,#NE,NAO ELEITO,Eleição Ordinária,1,AP,1.0,0.0,0.0,1.0,0.0,0.0,2021-06-21 15:28:17
1996,PREFEITO,COLIGACAO O POVO VIRA O JOGO,#NE,#NE,#NE,50 a 54 anos,,#NE,#NE,JOAO PESSOA,#NE,N,#NE,#NE,NORDESTE,PT,#NE,NAO ELEITO,Eleição Ordinária,1,PB,1.0,0.0,0.0,1.0,0.0,0.0,2021-06-21 15:28:17
1996,PREFEITO,COLIGACAO PARA A VITORIA,#NE,#NE,#NE,35 a 39 anos,,#NE,#NE,GUARIBAS,#NE,N,#NE,#NE,NORDESTE,PL,#NE,ELEITO,Eleição Ordinária,1,PI,1.0,1.0,0.0,0.0,0.0,0.0,2021-06-21 15:28:17
1996,PREFEITO,COLIGACAO PAZ RESPEITO E SEGURANCA,#NE,#NE,#NE,45 a 49 anos,,#NE,#NE,CANAVIEIRA,#NE,N,#NE,#NE,NORDESTE,PFL,#NE,NAO ELEITO,Eleição Ordinária,1,PI,1.0,0.0,0.0,1.0,0.0,0.0,2021-06-21 15:28:17
1996,PREFEITO,COLIGACAO PDT PPS,#NE,#NE,#NE,35 a 39 anos,,#NE,#NE,PARNAGUA,#NE,N,#NE,#NE,NORDESTE,PDT,#NE,NAO ELEITO,Eleição Ordinária,1,PI,1.0,0.0,0.0,1.0,0.0,0.0,2021-06-21 15:28:17
1996,PREFEITO,COLIGACAO POPULAR INDEPENDENTE,#NE,#NE,#NE,40 a 44 anos,,#NE,#NE,BELEM,#NE,N,#NE,#NE,NORTE,PSD,#NE,NAO ELEITO,Eleição Ordinária,1,PA,1.0,0.0,0.0,1.0,0.0,0.0,2021-06-21 15:28:17
1996,PREFEITO,COLIGACAO POR AMOR A JOAO PESSOA,#NE,#NE,#NE,35 a 39 anos,,#NE,#NE,JOAO PESSOA,#NE,N,#NE,#NE,NORDESTE,PMDB,#NE,2.O TURNO,Eleição Ordinária,1,PB,1.0,0.0,1.0,0.0,0.0,0.0,2021-06-21 15:28:17
1996,PREFEITO,COLIGACAO POR AMOR A JOAO PESSOA,#NE,#NE,#NE,35 a 39 anos,,#NE,#NE,JOAO PESSOA,#NE,N,#NE,#NE,NORDESTE,PMDB,#NE,ELEITO,Eleição Ordinária,2,PB,1.0,1.0,0.0,0.0,0.0,0.0,2021-06-21 15:28:17
1996,PREFEITO,COLIGACAO POR AMOR A JOAO PESSOA,#NE,#NE,#NE,85 a 89 anos,,#NE,#NE,JOAO PESSOA,#NE,N,#NE,#NE,NORDESTE,PSL,#NE,REGISTRO NEGADO ANTES ELEICAO,Eleição Ordinária,1,PB,1.0,0.0,0.0,0.0,0.0,1.0,2021-06-21 15:28:17
1996,PREFEITO,COLIGACAO POVO NO PODER,#NE,#NE,#NE,35 a 39 anos,,#NE,#NE,NAZARE DO PIAUI,#NE,N,#NE,#NE,NORDESTE,PMDB,#NE,ELEITO,Eleição Ordinária,1,PI,1.0,1.0,0.0,0.0,0.0,0.0,2021-06-21 15:28:17
1996,PREFEITO,COLIGACAO PROGRESSISTA LIBERAL,#NE,#NE,#NE,30 a 34 anos,,#NE,#NE,PRATA DO PIAUI,#NE,N,#NE,#NE,NORDESTE,PPB,#NE,ELEITO,Eleição Ordinária,1,PI,1.0,1.0,0.0,0.0,0.0,0.0,2021-06-21 15:28:17
1996,PREFEITO,COLIGACAO PROGRESSISTA LIBERAL,#NE,#NE,#NE,45 a 49 anos,,#NE,#NE,MONSENHOR HIPOLITO,#NE,N,#NE,#NE,NORDESTE,PPB,#NE,ELEITO,Eleição Ordinária,1,PI,1.0,1.0,0.0,0.0,0.0,0.0,2021-06-21 15:28:17
1996,PREFEITO,COLIGACAO PSDB PFL PPB,#NE,#NE,#NE,30 a 34 anos,,#NE,#NE,PARNAGUA,#NE,N,#NE,#NE,NORDESTE,PSDB,#NE,NAO ELEITO,Eleição Ordinária,1,PI,1.0,0.0,0.0,1.0,0.0,0.0,2021-06-21 15:28:17
1996,PREFEITO,COLIGACAO RESISTENCIA POPULAR,#NE,#NE,#NE,55 a 59 anos,,#NE,#NE,BERTOLINIA,#NE,N,#NE,#NE,NORDESTE,PMDB,#NE,#NULO#,Eleição Ordinária,1,PI,1.0,0.0,0.0,0.0,0.0,1.0,2021-06-21 15:28:17
1996,PREFEITO,COLIGACAO TRABALHISTA DE SAO FRANCISCO DE ASSIS DO PIAUI,#NE,#NE,#NE,40 a 44 anos,,#NE,#NE,SAO FRANCISCO DE ASSIS DO PIAUI,#NE,N,#NE,#NE,NORDESTE,PTB,#NE,NAO ELEITO,Eleição Ordinária,1,PI,1.0,0.0,0.0,1.0,0.0,0.0,2021-06-21 15:28:17
1996,PREFEITO,COLIGACAO UM SALTO PARA O FUTURO,#NE,#NE,#NE,45 a 49 anos,,#NE,#NE,JERUMENHA,#NE,N,#NE,#NE,NORDESTE,PMDB,#NE,NAO ELEITO,Eleição Ordinária,1,PI,1.0,0.0,0.0,1.0,0.0,0.0,2021-06-21 15:28:17
1996,PREFEITO,COLIGACAO UNIAO DEMOCRATICA,#NE,#NE,#NE,40 a 44 anos,,#NE,#NE,ANTONIO ALMEIDA,#NE,N,#NE,#NE,NORDESTE,PFL,#NE,ELEITO,Eleição Ordinária,1,PI,1.0,1.0,0.0,0.0,0.0,0.0,2021-06-21 15:28:17
1996,PREFEITO,COLIGACAO UNIDOS COM O POVO,#NE,#NE,#NE,45 a 49 anos,,#NE,#NE,CANAVIEIRA,#NE,N,#NE,#NE,NORDESTE,PPS,#NE,ELEITO,Eleição Ordinária,1,PI,1.0,1.0,0.0,0.0,0.0,0.0,2021-06-21 15:28:17
1996,PREFEITO,COLIGACAO VITORIA CADA VEZ MAIS FORTE,#NE,#NE,#NE,35 a 39 anos,,#NE,#NE,VITORIA,#NE,N,#NE,#NE,SUDESTE,PMDB,#NE,NAO ELEITO,Eleição Ordinária,1,ES,1.0,0.0,0.0,1.0,0.0,0.0,2021-06-21 15:28:17
1996,PREFEITO,COLIGACAO VITORIA DO POVO,#NE,#NE,#NE,45 a 49 anos,,#NE,#NE,NATAL,#NE,N,#NE,#NE,NORDESTE,PDT,#NE,NAO ELEITO,Eleição Ordinária,1,RN,1.0,0.0,0.0,1.0,0.0,0.0,2021-06-21 15:28:17
1996,PREFEITO,COLIGACAO VITORIOSA DE PAES LANDIM,#NE,#NE,#NE,21 a 24 anos,,#NE,#NE,PAES LANDIM,#NE,N,#NE,#NE,NORDESTE,PFL,#NE,ELEITO,Eleição Ordinária,1,PI,1.0,1.0,0.0,0.0,0.0,0.0,2021-06-21 15:28:17
1996,PREFEITO,COLIGA¿AO DEMOCRATICA POPULAR,#NE,#NE,#NE,60 a 64 anos,,#NE,#NE,JOAO PESSOA,#NE,N,#NE,#NE,NORDESTE,PDT,#NE,2.O TURNO,Eleição Ordinária,1,PB,1.0,0.0,1.0,0.0,0.0,0.0,2021-06-21 15:28:17
1996,PREFEITO,COLIGA¿AO DEMOCRATICA POPULAR,#NE,#NE,#NE,60 a 64 anos,,#NE,#NE,JOAO PESSOA,#NE,N,#NE,#NE,NORDESTE,PDT,#NE,NAO ELEITO,Eleição Ordinária,2,PB,1.0,0.0,0.0,1.0,0.0,0.0,2021-06-21 15:28:17
1996,PREFEITO,COLIGA¿AO FORTALEZA DE CORPO E ALMA,#NE,#NE,#NE,50 a 54 anos,,#NE,#NE,FORTALEZA,#NE,N,#NE,#NE,NORDESTE,PSDB,#NE,NAO ELEITO,Eleição Ordinária,1,CE,1.0,0.0,0.0,1.0,0.0,0.0,2021-06-21 15:28:17
1996,PREFEITO,COLIGA¿AO FORTALEZA NA FRENTE,#NE,#NE,#NE,35 a 39 anos,,#NE,#NE,FORTALEZA,#NE,N,#NE,#NE,NORDESTE,PC DO B,#NE,NAO ELEITO,Eleição Ordinária,1,CE,1.0,0.0,0.0,1.0,0.0,0.0,2021-06-21 15:28:17
1996,PREFEITO,COLIGA¿AO FORTALEZA SOLIDARIA E CRISTA,#NE,#NE,#NE,55 a 59 anos,,#NE,#NE,FORTALEZA,#NE,N,#NE,#NE,NORDESTE,PSN,#NE,NAO ELEITO,Eleição Ordinária,1,CE,1.0,0.0,0.0,1.0,0.0,0.0,2021-06-21 15:28:17
1996,PREFEITO,COLIGA¿AO FOR¿A ALTERNATIVA,#NE,#NE,#NE,35 a 39 anos,,#NE,#NE,PALMAS,#NE,N,#NE,#NE,NORTE,PSDB,#NE,NAO ELEITO,Eleição Ordinária,1,TO,1.0,0.0,0.0,1.0,0.0,0.0,2021-06-21 15:28:17
1996,PREFEITO,COLIGA¿AO FRENTE DE RENOVA¿AO POPULAR,#NE,#NE,#NE,35 a 39 anos,,#NE,#NE,JOAO PESSOA,#NE,N,#NE,#NE,NORDESTE,PRP,#NE,NAO ELEITO,Eleição Ordinária,1,PB,1.0,0.0,0.0,1.0,0.0,0.0,2021-06-21 15:28:17
1996,PREFEITO,COLIGA¿AO HORA DE MUDAR,#NE,#NE,#NE,45 a 49 anos,,#NE,#NE,FORTALEZA,#NE,N,#NE,#NE,NORDESTE,PPB,#NE,NAO ELEITO,Eleição Ordinária,1,CE,1.0,0.0,0.0,1.0,0.0,0.0,2021-06-21 15:28:17
1996,PREFEITO,COM O POVO,#NE,#NE,#NE,35 a 39 anos,,#NE,#NE,DEMERVAL LOBAO,#NE,N,#NE,#NE,NORDESTE,PFL,#NE,NAO ELEITO,Eleição Ordinária,1,PI,1.0,0.0,0.0,1.0,0.0,0.0,2021-06-21 15:28:17
1996,PREFEITO,COMPROMISSO COM ARACAJU,#NE,#NE,#NE,40 a 44 anos,,#NE,#NE,ARACAJU,#NE,N,#NE,#NE,NORDESTE,PMN,#NE,NAO ELEITO,Eleição Ordinária,1,SE,1.0,0.0,0.0,1.0,0.0,0.0,2021-06-21 15:28:17
1996,PREFEITO,COMPROMISSO COM O DESENVOLVIMENTO DA BARRA,#NE,#NE,#NE,30 a 34 anos,,#NE,#NE,BARRA DOS COQUEIROS,#NE,N,#NE,#NE,NORDESTE,PFL,#NE,#NULO#,Eleição Ordinária,1,SE,1.0,0.0,0.0,0.0,0.0,1.0,2021-06-21 15:28:17
1996,PREFEITO,CONTINUA¿AO DO PROGRESSO,#NE,#NE,#NE,25 a 29 anos,,#NE,#NE,LAGOA DO TOCANTINS,#NE,N,#NE,#NE,NORTE,PPB,#NE,ELEITO,Eleição Ordinária,1,TO,1.0,1.0,0.0,0.0,0.0,0.0,2021-06-21 15:28:17
1996,PREFEITO,DE MAOS DADAS COM O POVO,#NE,#NE,#NE,45 a 49 anos,,#NE,#NE,MACEIO,#NE,N,#NE,#NE,NORDESTE,PPB,#NE,NAO ELEITO,Eleição Ordinária,1,AL,1.0,0.0,0.0,1.0,0.0,0.0,2021-06-21 15:28:17
1996,PREFEITO,DEMOCRATICA TRABALHISTA,#NE,#NE,#NE,50 a 54 anos,,#NE,#NE,FRANCISCO MACEDO,#NE,N,#NE,#NE,NORDESTE,PMDB,#NE,NAO ELEITO,Eleição Ordinária,1,PI,1.0,0.0,0.0,1.0,0.0,0.0,2021-06-21 15:28:17
1996,PREFEITO,DESEJO DO POVO,#NE,#NE,#NE,55 a 59 anos,,#NE,#NE,MONTE ALEGRE DO PIAUI,#NE,N,#NE,#NE,NORDESTE,PPB,#NE,NAO ELEITO,Eleição Ordinária,1,PI,1.0,0.0,0.0,1.0,0.0,0.0,2021-06-21 15:28:17
1996,PREFEITO,E AGORA SALVADOR,#NE,#NE,#NE,45 a 49 anos,,#NE,#NE,SALVADOR,#NE,N,#NE,#NE,NORDESTE,PFL,#NE,ELEITO,Eleição Ordinária,1,BA,1.0,1.0,0.0,0.0,0.0,0.0,2021-06-21 15:28:17
1996,PREFEITO,E POVO DE NOVO,#NE,#NE,#NE,55 a 59 anos,,#NE,#NE,MIGUEL LEAO,#NE,N,#NE,#NE,NORDESTE,PMDB,#NE,ELEITO,Eleição Ordinária,1,PI,1.0,1.0,0.0,0.0,0.0,0.0,2021-06-21 15:28:17
1996,PREFEITO,ELEJA TERESINA,#NE,#NE,#NE,35 a 39 anos,,#NE,#NE,TERESINA,#NE,N,#NE,#NE,NORDESTE,PC DO B,#NE,NAO ELEITO,Eleição Ordinária,1,PI,1.0,0.0,0.0,1.0,0.0,0.0,2021-06-21 15:28:17
1996,PREFEITO,EM  RITMO DE DESENVOLVIMENTO,#NE,#NE,#NE,40 a 44 anos,,#NE,#NE,NOVO ACORDO,#NE,N,#NE,#NE,NORTE,PMDB,#NE,NAO ELEITO,Eleição Ordinária,1,TO,1.0,0.0,0.0,1.0,0.0,0.0,2021-06-21 15:28:17
1996,PREFEITO,ESPERANCA DE TODOS,#NE,#NE,#NE,35 a 39 anos,,#NE,#NE,ARRAIAL,#NE,N,#NE,#NE,NORDESTE,PMDB,#NE,NAO ELEITO,Eleição Ordinária,1,PI,1.0,0.0,0.0,1.0,0.0,0.0,2021-06-21 15:28:17
1996,PREFEITO,ESPERANCA DO POVO,#NE,#NE,#NE,40 a 44 anos,,#NE,#NE,ELISEU MARTINS,#NE,N,#NE,#NE,NORDESTE,PMDB,#NE,NAO ELEITO,Eleição Ordinária,1,PI,1.0,0.0,0.0,1.0,0.0,0.0,2021-06-21 15:28:17
1996,PREFEITO,FE CORAGEM E TRABALHO,#NE,#NE,#NE,25 a 29 anos,,#NE,#NE,INHUMA,#NE,N,#NE,#NE,NORDESTE,PC DO B,#NE,NAO ELEITO,Eleição Ordinária,1,PI,1.0,0.0,0.0,1.0,0.0,0.0,2021-06-21 15:28:17
1996,PREFEITO,FILHOS DA TERRA,#NE,#NE,#NE,40 a 44 anos,,#NE,#NE,ABADIA DE GOIAS,#NE,N,#NE,#NE,CENTRO-OESTE,PSD,#NE,NAO ELEITO,Eleição Ordinária,1,GO,1.0,0.0,0.0,1.0,0.0,0.0,2021-06-21 15:28:17
1996,PREFEITO,FILHOS DA TERRA,#NE,#NE,#NE,50 a 54 anos,,#NE,#NE,PADRE MARCOS,#NE,N,#NE,#NE,NORDESTE,PPB,#NE,NAO ELEITO,Eleição Ordinária,1,PI,1.0,0.0,0.0,1.0,0.0,0.0,2021-06-21 15:28:17
1996,PREFEITO,FORCA CAPITAL,#NE,#NE,#NE,40 a 44 anos,,#NE,#NE,FLORIANOPOLIS,#NE,N,#NE,#NE,SUL,PPB,#NE,#NULO#,Eleição Ordinária,1,SC,1.0,0.0,0.0,0.0,0.0,1.0,2021-06-21 15:28:17
1996,PREFEITO,FORCA DEMOCRATICA,#NE,#NE,#NE,40 a 44 anos,,#NE,#NE,AVELINO LOPES,#NE,N,#NE,#NE,NORDESTE,PMDB,#NE,ELEITO,Eleição Ordinária,1,PI,1.0,1.0,0.0,0.0,0.0,0.0,2021-06-21 15:28:17
1996,PREFEITO,FORCA DO POVO,#NE,#NE,#NE,45 a 49 anos,,#NE,#NE,MANAUS,#NE,N,#NE,#NE,NORTE,PRTB,#NE,NAO ELEITO,Eleição Ordinária,1,AM,1.0,0.0,0.0,1.0,0.0,0.0,2021-06-21 15:28:17
1996,PREFEITO,FORCA IPIRANGUENSE,#NE,#NE,#NE,40 a 44 anos,,#NE,#NE,IPIRANGA DO PIAUI,#NE,N,#NE,#NE,NORDESTE,PFL,#NE,ELEITO,Eleição Ordinária,1,PI,1.0,1.0,0.0,0.0,0.0,0.0,2021-06-21 15:28:17
1996,PREFEITO,FORCA POPULAR,#NE,#NE,#NE,40 a 44 anos,,#NE,#NE,BAIXA GRANDE DO RIBEIRO,#NE,N,#NE,#NE,NORDESTE,PPB,#NE,ELEITO,Eleição Ordinária,1,PI,1.0,1.0,0.0,0.0,0.0,0.0,2021-06-21 15:28:17
1996,PREFEITO,FORCA POPULAR,#NE,#NE,#NE,45 a 49 anos,,#NE,#NE,ANGICAL DO PIAUI,#NE,N,#NE,#NE,NORDESTE,PSB,#NE,NAO ELEITO,Eleição Ordinária,1,PI,1.0,0.0,0.0,1.0,0.0,0.0,2021-06-21 15:28:17
1996,PREFEITO,FORCA POPULAR CAPIXABA,#NE,#NE,#NE,50 a 54 anos,,#NE,#NE,VITORIA,#NE,N,#NE,#NE,SUDESTE,PSC,#NE,NAO ELEITO,Eleição Ordinária,1,ES,1.0,0.0,0.0,1.0,0.0,0.0,2021-06-21 15:28:17
1996,PREFEITO,FRENTE ALAGOINHA FELIZ,#NE,#NE,#NE,40 a 44 anos,,#NE,#NE,ALAGOINHA,#NE,N,#NE,#NE,NORDESTE,PT,#NE,ELEITO,Eleição Ordinária,1,PI,1.0,1.0,0.0,0.0,0.0,0.0,2021-06-21 15:28:17
1996,PREFEITO,FRENTE ALTERNATIVA,#NE,#NE,#NE,40 a 44 anos,,#NE,#NE,CAMPO GRANDE,#NE,N,#NE,#NE,CENTRO-OESTE,PV,#NE,NAO ELEITO,Eleição Ordinária,1,MS,1.0,0.0,0.0,1.0,0.0,0.0,2021-06-21 15:28:17
1996,PREFEITO,FRENTE ALTERNATIVA POPULAR,#NE,#NE,#NE,45 a 49 anos,,#NE,#NE,GOIANIA,#NE,N,#NE,#NE,CENTRO-OESTE,PST,#NE,NAO ELEITO,Eleição Ordinária,1,GO,1.0,0.0,0.0,1.0,0.0,0.0,2021-06-21 15:28:17
1996,PREFEITO,FRENTE BELEM POPULAR,#NE,#NE,#NE,35 a 39 anos,,#NE,#NE,BELEM,#NE,N,#NE,#NE,NORTE,PT,#NE,2.O TURNO,Eleição Ordinária,1,PA,1.0,0.0,1.0,0.0,0.0,0.0,2021-06-21 15:28:17
1996,PREFEITO,FRENTE BELEM POPULAR,#NE,#NE,#NE,35 a 39 anos,,#NE,#NE,BELEM,#NE,N,#NE,#NE,NORTE,PT,#NE,ELEITO,Eleição Ordinária,2,PA,1.0,1.0,0.0,0.0,0.0,0.0,2021-06-21 15:28:17
1996,PREFEITO,FRENTE BH NOVO SECULO,#NE,#NE,#NE,60 a 64 anos,,#NE,#NE,BELO HORIZONTE,#NE,N,#NE,#NE,SUDESTE,PSB,#NE,2.O TURNO,Eleição Ordinária,1,MG,1.0,0.0,1.0,0.0,0.0,0.0,2021-06-21 15:28:17
1996,PREFEITO,FRENTE BH POPULAR,#NE,#NE,#NE,45 a 49 anos,,#NE,#NE,BELO HORIZONTE,#NE,N,#NE,#NE,SUDESTE,PT,#NE,NAO ELEITO,Eleição Ordinária,1,MG,1.0,0.0,0.0,1.0,0.0,0.0,2021-06-21 15:28:17
1996,PREFEITO,FRENTE DE ACAO POPULAR DE PORTO ACRE,#NE,#NE,#NE,40 a 44 anos,,#NE,#NE,PORTO ACRE,#NE,N,#NE,#NE,NORTE,PDT,#NE,NAO ELEITO,Eleição Ordinária,1,AC,1.0,0.0,0.0,1.0,0.0,0.0,2021-06-21 15:28:17
1996,PREFEITO,FRENTE DE LIBERTACAO DE BOCAINA,#NE,#NE,#NE,45 a 49 anos,,#NE,#NE,BOCAINA,#NE,N,#NE,#NE,NORDESTE,PFL,#NE,ELEITO,Eleição Ordinária,1,PI,1.0,1.0,0.0,0.0,0.0,0.0,2021-06-21 15:28:17
1996,PREFEITO,FRENTE DE MOBILIZACAO POPULAR,#NE,#NE,#NE,50 a 54 anos,,#NE,#NE,BELO HORIZONTE,#NE,N,#NE,#NE,SUDESTE,PDT,#NE,NAO ELEITO,Eleição Ordinária,1,MG,1.0,0.0,0.0,1.0,0.0,0.0,2021-06-21 15:28:17
1996,PREFEITO,FRENTE DE OPOSICAO PELA CIDADANIA,#NE,#NE,#NE,45 a 49 anos,,#NE,#NE,MANAUS,#NE,N,#NE,#NE,NORTE,PDT,#NE,NAO ELEITO,Eleição Ordinária,1,AM,1.0,0.0,0.0,1.0,0.0,0.0,2021-06-21 15:28:17
1996,PREFEITO,FRENTE DE OPOSI¿AO ACORDA MANAUS,#NE,#NE,#NE,45 a 49 anos,,#NE,#NE,MANAUS,#NE,N,#NE,#NE,NORTE,PSB,#NE,2.O TURNO,Eleição Ordinária,1,AM,1.0,0.0,1.0,0.0,0.0,0.0,2021-06-21 15:28:17
1996,PREFEITO,FRENTE DE OPOSI¿AO ACORDA MANAUS,#NE,#NE,#NE,45 a 49 anos,,#NE,#NE,MANAUS,#NE,N,#NE,#NE,NORTE,PSB,#NE,NAO ELEITO,Eleição Ordinária,2,AM,1.0,0.0,0.0,1.0,0.0,0.0,2021-06-21 15:28:17
1996,PREFEITO,FRENTE DE RECONSTRUCAO DE MARCOLANDIA,#NE,#NE,#NE,35 a 39 anos,,#NE,#NE,MARCOLANDIA,#NE,N,#NE,#NE,NORDESTE,PMDB,#NE,NAO ELEITO,Eleição Ordinária,1,PI,1.0,0.0,0.0,1.0,0.0,0.0,2021-06-21 15:28:17
1996,PREFEITO,FRENTE DE RECUPERACAO PARA MANOEL EMIDIO,#NE,#NE,#NE,45 a 49 anos,,#NE,#NE,MANOEL EMIDIO,#NE,N,#NE,#NE,NORDESTE,PPB,#NE,NAO ELEITO,Eleição Ordinária,1,PI,1.0,0.0,0.0,1.0,0.0,0.0,2021-06-21 15:28:17
1996,PREFEITO,FRENTE DEMOCRATICA,#NE,#NE,#NE,45 a 49 anos,,#NE,#NE,SAO LUIS,#NE,N,#NE,#NE,NORDESTE,PSD,#NE,NAO ELEITO,Eleição Ordinária,1,MA,1.0,0.0,0.0,1.0,0.0,0.0,2021-06-21 15:28:17
1996,PREFEITO,FRENTE DEMOCRATICA CAPIXABA,#NE,#NE,#NE,40 a 44 anos,,#NE,#NE,VITORIA,#NE,N,#NE,#NE,SUDESTE,PTB,#NE,NAO ELEITO,Eleição Ordinária,1,ES,1.0,0.0,0.0,1.0,0.0,0.0,2021-06-21 15:28:17
1996,PREFEITO,FRENTE DEMOCRATICA PELA VONTADE DO POVO,#NE,#NE,#NE,50 a 54 anos,,#NE,#NE,NATAL,#NE,N,#NE,#NE,NORDESTE,PSB,#NE,2.O TURNO,Eleição Ordinária,1,RN,1.0,0.0,1.0,0.0,0.0,0.0,2021-06-21 15:28:17
1996,PREFEITO,FRENTE ETICA,#NE,#NE,#NE,60 a 64 anos,,#NE,#NE,SAO LUIS,#NE,N,#NE,#NE,NORDESTE,PDT,#NE,2.O TURNO,Eleição Ordinária,1,MA,1.0,0.0,1.0,0.0,0.0,0.0,2021-06-21 15:28:17
1996,PREFEITO,FRENTE ETICA,#NE,#NE,#NE,60 a 64 anos,,#NE,#NE,SAO LUIS,#NE,N,#NE,#NE,NORDESTE,PDT,#NE,ELEITO,Eleição Ordinária,2,MA,1.0,1.0,0.0,0.0,0.0,0.0,2021-06-21 15:28:17
1996,PREFEITO,FRENTE INDEPENDENTE DO RECIFE,#NE,#NE,#NE,45 a 49 anos,,#NE,#NE,RECIFE,#NE,N,#NE,#NE,NORDESTE,PSC,#NE,NAO ELEITO,Eleição Ordinária,1,PE,1.0,0.0,0.0,1.0,0.0,0.0,2021-06-21 15:28:17
1996,PREFEITO,FRENTE LIBERAL DEMOCRATICA,#NE,#NE,#NE,35 a 39 anos,,#NE,#NE,CAPIXABA,#NE,N,#NE,#NE,NORTE,PFL,#NE,NAO ELEITO,Eleição Ordinária,1,AC,1.0,0.0,0.0,1.0,0.0,0.0,2021-06-21 15:28:17
1996,PREFEITO,FRENTE NOVA GILBUES,#NE,#NE,#NE,25 a 29 anos,,#NE,#NE,GILBUES,#NE,N,#NE,#NE,NORDESTE,PDT,#NE,NAO ELEITO,Eleição Ordinária,1,PI,1.0,0.0,0.0,1.0,0.0,0.0,2021-06-21 15:28:17
1996,PREFEITO,FRENTE OPERARIA E SOCIALISTA,#NE,#NE,#NE,40 a 44 anos,,#NE,#NE,BELO HORIZONTE,#NE,N,#NE,#NE,SUDESTE,PSTU,#NE,NAO ELEITO,Eleição Ordinária,1,MG,1.0,0.0,0.0,1.0,0.0,0.0,2021-06-21 15:28:17
1996,PREFEITO,FRENTE PARA O DESENVOLVIMENTO DE CURRALINHOS,#NE,#NE,#NE,65 a 69 anos,,#NE,#NE,CURRALINHOS,#NE,N,#NE,#NE,NORDESTE,PMDB,#NE,NAO ELEITO,Eleição Ordinária,1,PI,1.0,0.0,0.0,1.0,0.0,0.0,2021-06-21 15:28:17
1996,PREFEITO,FRENTE POPULAR,#NE,#NE,#NE,30 a 34 anos,,#NE,#NE,RIO BRANCO,#NE,N,#NE,#NE,NORTE,PT,#NE,NAO ELEITO,Eleição Ordinária,1,AC,1.0,0.0,0.0,1.0,0.0,0.0,2021-06-21 15:28:17
1996,PREFEITO,FRENTE POPULAR,#NE,#NE,#NE,35 a 39 anos,,#NE,#NE,FLORIANOPOLIS,#NE,N,#NE,#NE,SUL,PT,#NE,#NULO#,Eleição Ordinária,1,SC,1.0,0.0,0.0,0.0,0.0,1.0,2021-06-21 15:28:17
1996,PREFEITO,FRENTE POPULAR,#NE,#NE,#NE,45 a 49 anos,,#NE,#NE,BUJARI,#NE,N,#NE,#NE,NORTE,PT,#NE,NAO ELEITO,Eleição Ordinária,1,AC,1.0,0.0,0.0,1.0,0.0,0.0,2021-06-21 15:28:17
1996,PREFEITO,FRENTE POPULAR,#NE,#NE,#NE,50 a 54 anos,,#NE,#NE,PORTO ALEGRE,#NE,N,#NE,#NE,SUL,PT,#NE,ELEITO,Eleição Ordinária,1,RS,1.0,1.0,0.0,0.0,0.0,0.0,2021-06-21 15:28:17
1996,PREFEITO,FRENTE POPULAR DE CONCEICAO DO CANINDE,#NE,#NE,#NE,50 a 54 anos,,#NE,#NE,CONCEICAO DO CANINDE,#NE,N,#NE,#NE,NORDESTE,PTB,#NE,ELEITO,Eleição Ordinária,1,PI,1.0,1.0,0.0,0.0,0.0,0.0,2021-06-21 15:28:17
1996,PREFEITO,FRENTE POPULAR DE NATAL,#NE,#NE,#NE,40 a 44 anos,,#NE,#NE,NATAL,#NE,N,#NE,#NE,NORDESTE,PT,#NE,2.O TURNO,Eleição Ordinária,1,RN,1.0,0.0,1.0,0.0,0.0,0.0,2021-06-21 15:28:17
1996,PREFEITO,FRENTE POPULAR DO RECIFE,#NE,#NE,#NE,50 a 54 anos,,#NE,#NE,RECIFE,#NE,N,#NE,#NE,NORDESTE,PPS,#NE,NAO ELEITO,Eleição Ordinária,1,PE,1.0,0.0,0.0,1.0,0.0,0.0,2021-06-21 15:28:17
1996,PREFEITO,FRENTE POPULAR PARA RECUPERAR ALAGOINHA DO PIAUI,#NE,#NE,#NE,45 a 49 anos,,#NE,#NE,ALAGOINHA,#NE,N,#NE,#NE,NORDESTE,PPB,#NE,NAO ELEITO,Eleição Ordinária,1,PI,1.0,0.0,0.0,1.0,0.0,0.0,2021-06-21 15:28:17
1996,PREFEITO,FRENTE POPULAR VITORIA DA CIDADE,#NE,#NE,#NE,40 a 44 anos,,#NE,#NE,VITORIA,#NE,N,#NE,#NE,SUDESTE,PSDB,#NE,ELEITO,Eleição Ordinária,1,ES,1.0,1.0,0.0,0.0,0.0,0.0,2021-06-21 15:28:17
1996,PREFEITO,FRENTE PROGRECISTA TRABALHISTA SOCIALISTA,#NE,#NE,#NE,35 a 39 anos,,#NE,#NE,CARACOL,#NE,N,#NE,#NE,NORDESTE,PPB,#NE,#NULO#,Eleição Ordinária,1,PI,1.0,0.0,0.0,0.0,0.0,1.0,2021-06-21 15:28:17
1996,PREFEITO,FRENTE RENOVADORA DE BH-96,#NE,#NE,#NE,55 a 59 anos,,#NE,#NE,BELO HORIZONTE,#NE,N,#NE,#NE,SUDESTE,PRN,#NE,NAO ELEITO,Eleição Ordinária,1,MG,1.0,0.0,0.0,1.0,0.0,0.0,2021-06-21 15:28:17
1996,PREFEITO,FRENTE SALVADOR POPULAR,#NE,#NE,#NE,35 a 39 anos,,#NE,#NE,SALVADOR,#NE,N,#NE,#NE,NORDESTE,PT,#NE,NAO ELEITO,Eleição Ordinária,1,BA,1.0,0.0,0.0,1.0,0.0,0.0,2021-06-21 15:28:17
1996,PREFEITO,FRENTE SOCIALISTA-UMA GOIANIA PRA NOS,#NE,#NE,#NE,35 a 39 anos,,#NE,#NE,GOIANIA,#NE,N,#NE,#NE,CENTRO-OESTE,PSTU,#NE,NAO ELEITO,Eleição Ordinária,1,GO,1.0,0.0,0.0,1.0,0.0,0.0,2021-06-21 15:28:17
1996,PREFEITO,FRENTE SOLIDARIA,#NE,#NE,#NE,45 a 49 anos,,#NE,#NE,VITORIA,#NE,N,#NE,#NE,SUDESTE,PSB,#NE,NAO ELEITO,Eleição Ordinária,1,ES,1.0,0.0,0.0,1.0,0.0,0.0,2021-06-21 15:28:17
1996,PREFEITO,FRENTE TRABALHISTA DE LIBERTACAO,#NE,#NE,#NE,40 a 44 anos,,#NE,#NE,BELEM DO PIAUI,#NE,N,#NE,#NE,NORDESTE,PTB,#NE,ELEITO,Eleição Ordinária,1,PI,1.0,1.0,0.0,0.0,0.0,0.0,2021-06-21 15:28:17
1996,PREFEITO,FRENTE TRABALHISTA LIBERAL,#NE,#NE,#NE,55 a 59 anos,,#NE,#NE,JOAQUIM PIRES,#NE,N,#NE,#NE,NORDESTE,PTB,#NE,NAO ELEITO,Eleição Ordinária,1,PI,1.0,0.0,0.0,1.0,0.0,0.0,2021-06-21 15:28:17
1996,PREFEITO,FRENTE UNIDA DA LAGOA,#NE,#NE,#NE,60 a 64 anos,,#NE,#NE,LAGOA DO PIAUI,#NE,N,#NE,#NE,NORDESTE,PMDB,#NE,NAO ELEITO,Eleição Ordinária,1,PI,1.0,0.0,0.0,1.0,0.0,0.0,2021-06-21 15:28:17
1996,PREFEITO,FRENTE VITORIA,#NE,#NE,#NE,35 a 39 anos,,#NE,#NE,VITORIA,#NE,N,#NE,#NE,SUDESTE,PSD,#NE,NAO ELEITO,Eleição Ordinária,1,ES,1.0,0.0,0.0,1.0,0.0,0.0,2021-06-21 15:28:17
1996,PREFEITO,GENTE DAQUI,#NE,#NE,#NE,30 a 34 anos,,#NE,#NE,ITAINOPOLIS,#NE,N,#NE,#NE,NORDESTE,PSDB,#NE,NAO ELEITO,Eleição Ordinária,1,PI,1.0,0.0,0.0,1.0,0.0,0.0,2021-06-21 15:28:17
1996,PREFEITO,GOIANIA E VIDA,#NE,#NE,#NE,45 a 49 anos,,#NE,#NE,GOIANIA,#NE,N,#NE,#NE,CENTRO-OESTE,PT,#NE,NAO ELEITO,Eleição Ordinária,1,GO,1.0,0.0,0.0,1.0,0.0,0.0,2021-06-21 15:28:17
1996,PREFEITO,GOVERNO POPULAR,#NE,#NE,#NE,35 a 39 anos,,#NE,#NE,CAMPO LARGO DO PIAUI,#NE,N,#NE,#NE,NORDESTE,PPB,#NE,ELEITO,Eleição Ordinária,1,PI,1.0,1.0,0.0,0.0,0.0,0.0,2021-06-21 15:28:17
1996,PREFEITO,JALAPAO ESPERAN¿A,#NE,#NE,#NE,30 a 34 anos,,#NE,#NE,SAO FELIX DO TOCANTINS,#NE,N,#NE,#NE,NORTE,PPB,#NE,ELEITO,Eleição Ordinária,1,TO,1.0,1.0,0.0,0.0,0.0,0.0,2021-06-21 15:28:17
1996,PREFEITO,JUNTOS RECONSTRUIREMOS PALMEIRA,#NE,#NE,#NE,50 a 54 anos,,#NE,#NE,PALMEIRA DO PIAUI,#NE,N,#NE,#NE,NORDESTE,PPS,#NE,#NULO#,Eleição Ordinária,1,PI,1.0,0.0,0.0,0.0,0.0,1.0,2021-06-21 15:28:17
1996,PREFEITO,JUVENTUDE TRABALHO PARA CONTINUAR,#NE,#NE,#NE,30 a 34 anos,,#NE,#NE,CAMPINAS DO PIAUI,#NE,N,#NE,#NE,NORDESTE,PFL,#NE,ELEITO,Eleição Ordinária,1,PI,1.0,1.0,0.0,0.0,0.0,0.0,2021-06-21 15:28:17
1996,PREFEITO,LIBERAL VERDE,#NE,#NE,#NE,30 a 34 anos,,#NE,#NE,SAO LUIS,#NE,N,#NE,#NE,NORDESTE,PV,#NE,NAO ELEITO,Eleição Ordinária,1,MA,1.0,0.0,0.0,1.0,0.0,0.0,2021-06-21 15:28:17
1996,PREFEITO,LONGA UNIDO,#NE,#NE,#NE,40 a 44 anos,,#NE,#NE,ALTO LONGA,#NE,N,#NE,#NE,NORDESTE,PMDB,#NE,NAO ELEITO,Eleição Ordinária,1,PI,1.0,0.0,0.0,1.0,0.0,0.0,2021-06-21 15:28:17
1996,PREFEITO,MACEIO NAO PODE PARAR,#NE,#NE,#NE,40 a 44 anos,,#NE,#NE,MACEIO,#NE,N,#NE,#NE,NORDESTE,PSB,#NE,2.O TURNO,Eleição Ordinária,1,AL,1.0,0.0,1.0,0.0,0.0,0.0,2021-06-21 15:28:17
1996,PREFEITO,MACEIO NAO PODE PARAR,#NE,#NE,#NE,40 a 44 anos,,#NE,#NE,MACEIO,#NE,N,#NE,#NE,NORDESTE,PSB,#NE,ELEITO,Eleição Ordinária,2,AL,1.0,1.0,0.0,0.0,0.0,0.0,2021-06-21 15:28:17
1996,PREFEITO,MACEIO SOMOS NOS,#NE,#NE,#NE,40 a 44 anos,,#NE,#NE,MACEIO,#NE,N,#NE,#NE,NORDESTE,PMN,#NE,NAO ELEITO,Eleição Ordinária,1,AL,1.0,0.0,0.0,1.0,0.0,0.0,2021-06-21 15:28:17
1996,PREFEITO,MOVIMENTO MUDA CAMPO GRANDE,#NE,#NE,#NE,45 a 49 anos,,#NE,#NE,CAMPO GRANDE,#NE,N,#NE,#NE,CENTRO-OESTE,PT,#NE,2.O TURNO,Eleição Ordinária,1,MS,1.0,0.0,1.0,0.0,0.0,0.0,2021-06-21 15:28:17
1996,PREFEITO,MOVIMENTO MUDA CAMPO GRANDE,#NE,#NE,#NE,45 a 49 anos,,#NE,#NE,CAMPO GRANDE,#NE,N,#NE,#NE,CENTRO-OESTE,PT,#NE,NAO ELEITO,Eleição Ordinária,2,MS,1.0,0.0,0.0,1.0,0.0,0.0,2021-06-21 15:28:17
1996,PREFEITO,MUDA AGRICOLANDIA,#NE,#NE,#NE,35 a 39 anos,,#NE,#NE,AGRICOLANDIA,#NE,N,#NE,#NE,NORDESTE,PPB,#NE,NAO ELEITO,Eleição Ordinária,1,PI,1.0,0.0,0.0,1.0,0.0,0.0,2021-06-21 15:28:17
1996,PREFEITO,MUDA PRATA,#NE,#NE,#NE,45 a 49 anos,,#NE,#NE,PRATA DO PIAUI,#NE,N,#NE,#NE,NORDESTE,PSDB,#NE,NAO ELEITO,Eleição Ordinária,1,PI,1.0,0.0,0.0,1.0,0.0,0.0,2021-06-21 15:28:17
1996,PREFEITO,MUDANCA E ESPERANCA,#NE,#NE,#NE,40 a 44 anos,,#NE,#NE,BARREIRAS DO PIAUI,#NE,N,#NE,#NE,NORDESTE,PMDB,#NE,NAO ELEITO,Eleição Ordinária,1,PI,1.0,0.0,0.0,1.0,0.0,0.0,2021-06-21 15:28:17
1996,PREFEITO,MUDANCA E PROGRESSO,#NE,#NE,#NE,45 a 49 anos,,#NE,#NE,SENADOR CANEDO,#NE,N,#NE,#NE,CENTRO-OESTE,PSC,#NE,NAO ELEITO,Eleição Ordinária,1,GO,1.0,0.0,0.0,1.0,0.0,0.0,2021-06-21 15:28:17
1996,PREFEITO,MUTIRAO PELO PROGRESSO,#NE,#NE,#NE,65 a 69 anos,,#NE,#NE,BOA VISTA,#NE,N,#NE,#NE,NORTE,PTB,#NE,ELEITO,Eleição Ordinária,1,RR,1.0,1.0,0.0,0.0,0.0,0.0,2021-06-21 15:28:17
1996,PREFEITO,NAO DEIXE SAO PAULO PARAR,#NE,#NE,#NE,50 a 54 anos,,#NE,#NE,SAO PAULO,#NE,N,#NE,#NE,SUDESTE,PPB,#NE,2.O TURNO,Eleição Ordinária,1,SP,1.0,0.0,1.0,0.0,0.0,0.0,2021-06-21 15:28:17
1996,PREFEITO,NAO DEIXE SAO PAULO PARAR,#NE,#NE,#NE,50 a 54 anos,,#NE,#NE,SAO PAULO,#NE,N,#NE,#NE,SUDESTE,PPB,#NE,ELEITO,Eleição Ordinária,2,SP,1.0,1.0,0.0,0.0,0.0,0.0,2021-06-21 15:28:17
1996,PREFEITO,NOSSA CIDADE,#NE,#NE,#NE,35 a 39 anos,,#NE,#NE,FLORIANOPOLIS,#NE,N,#NE,#NE,SUL,PFL,#NE,#NULO#,Eleição Ordinária,1,SC,1.0,0.0,0.0,0.0,0.0,1.0,2021-06-21 15:28:17
1996,PREFEITO,NOVA GERACAO,#NE,#NE,#NE,40 a 44 anos,,#NE,#NE,NAZARE DO PIAUI,#NE,N,#NE,#NE,NORDESTE,PTB,#NE,NAO ELEITO,Eleição Ordinária,1,PI,1.0,0.0,0.0,1.0,0.0,0.0,2021-06-21 15:28:17
1996,PREFEITO,NOVO TEMPO,#NE,#NE,#NE,55 a 59 anos,,#NE,#NE,MACEIO,#NE,N,#NE,#NE,NORDESTE,PRP,#NE,NAO ELEITO,Eleição Ordinária,1,AL,1.0,0.0,0.0,1.0,0.0,0.0,2021-06-21 15:28:17
1996,PREFEITO,O ARRASTAO DA VITORIA,#NE,#NE,#NE,35 a 39 anos,,#NE,#NE,BAIXA GRANDE DO RIBEIRO,#NE,N,#NE,#NE,NORDESTE,PMDB,#NE,NAO ELEITO,Eleição Ordinária,1,PI,1.0,0.0,0.0,1.0,0.0,0.0,2021-06-21 15:28:17
1996,PREFEITO,O FUTURO E AGORA,#NE,#NE,#NE,50 a 54 anos,,#NE,#NE,CRISTALANDIA DO PIAUI,#NE,N,#NE,#NE,NORDESTE,PSDB,#NE,ELEITO,Eleição Ordinária,1,PI,1.0,1.0,0.0,0.0,0.0,0.0,2021-06-21 15:28:17
1996,PREFEITO,O POVO NA FRENTE,#NE,#NE,#NE,40 a 44 anos,,#NE,#NE,BARRA DOS COQUEIROS,#NE,N,#NE,#NE,NORDESTE,PMDB,#NE,#NULO#,Eleição Ordinária,1,SE,1.0,0.0,0.0,0.0,0.0,1.0,2021-06-21 15:28:17
1996,PREFEITO,O POVO NA FRENTE EM ARACAJU,#NE,#NE,#NE,45 a 49 anos,,#NE,#NE,ARACAJU,#NE,N,#NE,#NE,NORDESTE,PMDB,#NE,2.O TURNO,Eleição Ordinária,1,SE,1.0,0.0,1.0,0.0,0.0,0.0,2021-06-21 15:28:17
1996,PREFEITO,O POVO NA FRENTE EM ARACAJU,#NE,#NE,#NE,45 a 49 anos,,#NE,#NE,ARACAJU,#NE,N,#NE,#NE,NORDESTE,PMDB,#NE,ELEITO,Eleição Ordinária,2,SE,1.0,1.0,0.0,0.0,0.0,0.0,2021-06-21 15:28:17
1996,PREFEITO,O POVO RENOVANDO,#NE,#NE,#NE,55 a 59 anos,,#NE,#NE,BARRA DOS COQUEIROS,#NE,N,#NE,#NE,NORDESTE,PSC,#NE,#NULO#,Eleição Ordinária,1,SE,1.0,0.0,0.0,0.0,0.0,1.0,2021-06-21 15:28:17
1996,PREFEITO,OPOSICOES COLIGADAS,#NE,#NE,#NE,55 a 59 anos,,#NE,#NE,MIGUEL LEAO,#NE,N,#NE,#NE,NORDESTE,PFL,#NE,NAO ELEITO,Eleição Ordinária,1,PI,1.0,0.0,0.0,1.0,0.0,0.0,2021-06-21 15:28:17
1996,PREFEITO,OPOSICOES COLIGADAS UNIDAS PARA MUDAR,#NE,#NE,#NE,40 a 44 anos,,#NE,#NE,PAES LANDIM,#NE,N,#NE,#NE,NORDESTE,PSDB,#NE,NAO ELEITO,Eleição Ordinária,1,PI,1.0,0.0,0.0,1.0,0.0,0.0,2021-06-21 15:28:17
1996,PREFEITO,OPOSICOES UNIDAS,#NE,#NE,#NE,40 a 44 anos,,#NE,#NE,MONSENHOR GIL,#NE,N,#NE,#NE,NORDESTE,PSDB,#NE,NAO ELEITO,Eleição Ordinária,1,PI,1.0,0.0,0.0,1.0,0.0,0.0,2021-06-21 15:28:17
1996,PREFEITO,PARTIDO ISOLADO,#NE,#NE,#NE,21 a 24 anos,,#NE,#NE,NATAL,#NE,N,#NE,#NE,NORDESTE,PRP,#NE,NAO ELEITO,Eleição Ordinária,1,RN,1.0,0.0,0.0,1.0,0.0,0.0,2021-06-21 15:28:17
1996,PREFEITO,PARTIDO ISOLADO,#NE,#NE,#NE,25 a 29 anos,,#NE,#NE,ARACAJU,#NE,N,#NE,#NE,NORDESTE,PSDC,#NE,NAO ELEITO,Eleição Ordinária,1,SE,1.0,0.0,0.0,1.0,0.0,0.0,2021-06-21 15:28:17
1996,PREFEITO,PARTIDO ISOLADO,#NE,#NE,#NE,25 a 29 anos,,#NE,#NE,BERTOLINIA,#NE,N,#NE,#NE,NORDESTE,PFL,#NE,#NULO#,Eleição Ordinária,1,PI,1.0,0.0,0.0,0.0,0.0,1.0,2021-06-21 15:28:17
1996,PREFEITO,PARTIDO ISOLADO,#NE,#NE,#NE,25 a 29 anos,,#NE,#NE,DEMERVAL LOBAO,#NE,N,#NE,#NE,NORDESTE,PT,#NE,NAO ELEITO,Eleição Ordinária,1,PI,1.0,0.0,0.0,1.0,0.0,0.0,2021-06-21 15:28:17
1996,PREFEITO,PARTIDO ISOLADO,#NE,#NE,#NE,25 a 29 anos,,#NE,#NE,PORTO ACRE,#NE,N,#NE,#NE,NORTE,PT,#NE,NAO ELEITO,Eleição Ordinária,1,AC,1.0,0.0,0.0,1.0,0.0,0.0,2021-06-21 15:28:17
1996,PREFEITO,PARTIDO ISOLADO,#NE,#NE,#NE,25 a 29 anos,,#NE,#NE,RIO BRANCO,#NE,N,#NE,#NE,NORTE,PTB,#NE,NAO ELEITO,Eleição Ordinária,1,AC,1.0,0.0,0.0,1.0,0.0,0.0,2021-06-21 15:28:17
1996,PREFEITO,PARTIDO ISOLADO,#NE,#NE,#NE,25 a 29 anos,,#NE,#NE,SALVADOR,#NE,N,#NE,#NE,NORDESTE,PCO,#NE,NAO ELEITO,Eleição Ordinária,1,BA,1.0,0.0,0.0,1.0,0.0,0.0,2021-06-21 15:28:17
1996,PREFEITO,PARTIDO ISOLADO,#NE,#NE,#NE,25 a 29 anos,,#NE,#NE,SAO LUIS DO PIAUI,#NE,N,#NE,#NE,NORDESTE,PFL,#NE,NAO ELEITO,Eleição Ordinária,1,PI,1.0,0.0,0.0,1.0,0.0,0.0,2021-06-21 15:28:17
1996,PREFEITO,PARTIDO ISOLADO,#NE,#NE,#NE,30 a 34 anos,,#NE,#NE,BELEM,#NE,N,#NE,#NE,NORTE,PPB,#NE,NAO ELEITO,Eleição Ordinária,1,PA,1.0,0.0,0.0,1.0,0.0,0.0,2021-06-21 15:28:17
1996,PREFEITO,PARTIDO ISOLADO,#NE,#NE,#NE,30 a 34 anos,,#NE,#NE,BERTOLINIA,#NE,N,#NE,#NE,NORDESTE,PT,#NE,#NULO#,Eleição Ordinária,1,PI,1.0,0.0,0.0,0.0,0.0,1.0,2021-06-21 15:28:17
1996,PREFEITO,PARTIDO ISOLADO,#NE,#NE,#NE,30 a 34 anos,,#NE,#NE,CAMPINAS DO PIAUI,#NE,N,#NE,#NE,NORDESTE,PMDB,#NE,NAO ELEITO,Eleição Ordinária,1,PI,1.0,0.0,0.0,1.0,0.0,0.0,2021-06-21 15:28:17
1996,PREFEITO,PARTIDO ISOLADO,#NE,#NE,#NE,30 a 34 anos,,#NE,#NE,CONCEICAO DO CANINDE,#NE,N,#NE,#NE,NORDESTE,PFL,#NE,NAO ELEITO,Eleição Ordinária,1,PI,1.0,0.0,0.0,1.0,0.0,0.0,2021-06-21 15:28:17
1996,PREFEITO,PARTIDO ISOLADO,#NE,#NE,#NE,30 a 34 anos,,#NE,#NE,CONCEICAO DO CANINDE,#NE,N,#NE,#NE,NORDESTE,PSDB,#NE,NAO ELEITO,Eleição Ordinária,1,PI,1.0,0.0,0.0,1.0,0.0,0.0,2021-06-21 15:28:17
1996,PREFEITO,PARTIDO ISOLADO,#NE,#NE,#NE,30 a 34 anos,,#NE,#NE,FORTALEZA,#NE,N,#NE,#NE,NORDESTE,PSL,#NE,NAO ELEITO,Eleição Ordinária,1,CE,1.0,0.0,0.0,1.0,0.0,0.0,2021-06-21 15:28:17
1996,PREFEITO,PARTIDO ISOLADO,#NE,#NE,#NE,30 a 34 anos,,#NE,#NE,FRANCISCO SANTOS,#NE,N,#NE,#NE,NORDESTE,PFL,#NE,NAO ELEITO,Eleição Ordinária,1,PI,1.0,0.0,0.0,1.0,0.0,0.0,2021-06-21 15:28:17
1996,PREFEITO,PARTIDO ISOLADO,#NE,#NE,#NE,30 a 34 anos,,#NE,#NE,MARCOLANDIA,#NE,N,#NE,#NE,NORDESTE,PFL,#NE,ELEITO,Eleição Ordinária,1,PI,1.0,1.0,0.0,0.0,0.0,0.0,2021-06-21 15:28:17
1996,PREFEITO,PARTIDO ISOLADO,#NE,#NE,#NE,30 a 34 anos,,#NE,#NE,MORRO CABECA NO TEMPO,#NE,N,#NE,#NE,NORDESTE,PSDB,#NE,ELEITO,Eleição Ordinária,1,PI,1.0,1.0,0.0,0.0,0.0,0.0,2021-06-21 15:28:17
1996,PREFEITO,PARTIDO ISOLADO,#NE,#NE,#NE,30 a 34 anos,,#NE,#NE,NOSSA SENHORA DOS REMEDIOS,#NE,N,#NE,#NE,NORDESTE,PPB,#NE,ELEITO,Eleição Ordinária,1,PI,1.0,1.0,0.0,0.0,0.0,0.0,2021-06-21 15:28:17
1996,PREFEITO,PARTIDO ISOLADO,#NE,#NE,#NE,30 a 34 anos,,#NE,#NE,PARNAGUA,#NE,N,#NE,#NE,NORDESTE,PTB,#NE,ELEITO,Eleição Ordinária,1,PI,1.0,1.0,0.0,0.0,0.0,0.0,2021-06-21 15:28:17
1996,PREFEITO,PARTIDO ISOLADO,#NE,#NE,#NE,30 a 34 anos,,#NE,#NE,PORTO ALEGRE,#NE,N,#NE,#NE,SUL,PRP,#NE,NAO ELEITO,Eleição Ordinária,1,RS,1.0,0.0,0.0,1.0,0.0,0.0,2021-06-21 15:28:17
1996,PREFEITO,PARTIDO ISOLADO,#NE,#NE,#NE,30 a 34 anos,,#NE,#NE,RIBEIRO GONCALVES,#NE,N,#NE,#NE,NORDESTE,PPB,#NE,ELEITO,Eleição Ordinária,1,PI,1.0,1.0,0.0,0.0,0.0,0.0,2021-06-21 15:28:17
1996,PREFEITO,PARTIDO ISOLADO,#NE,#NE,#NE,30 a 34 anos,,#NE,#NE,SAO JOSE DO PEIXE,#NE,N,#NE,#NE,NORDESTE,PPB,#NE,NAO ELEITO,Eleição Ordinária,1,PI,1.0,0.0,0.0,1.0,0.0,0.0,2021-06-21 15:28:17
1996,PREFEITO,PARTIDO ISOLADO,#NE,#NE,#NE,30 a 34 anos,,#NE,#NE,SAO LUIS,#NE,N,#NE,#NE,NORDESTE,PRTB,#NE,NAO ELEITO,Eleição Ordinária,1,MA,1.0,0.0,0.0,1.0,0.0,0.0,2021-06-21 15:28:17
1996,PREFEITO,PARTIDO ISOLADO,#NE,#NE,#NE,30 a 34 anos,,#NE,#NE,SAO LUIS,#NE,N,#NE,#NE,NORDESTE,PSTU,#NE,NAO ELEITO,Eleição Ordinária,1,MA,1.0,0.0,0.0,1.0,0.0,0.0,2021-06-21 15:28:17
1996,PREFEITO,PARTIDO ISOLADO,#NE,#NE,#NE,30 a 34 anos,,#NE,#NE,TERESINA,#NE,N,#NE,#NE,NORDESTE,PSDB,#NE,2.O TURNO,Eleição Ordinária,1,PI,1.0,0.0,1.0,0.0,0.0,0.0,2021-06-21 15:28:17
1996,PREFEITO,PARTIDO ISOLADO,#NE,#NE,#NE,30 a 34 anos,,#NE,#NE,TERESINA,#NE,N,#NE,#NE,NORDESTE,PSDB,#NE,ELEITO,Eleição Ordinária,2,PI,1.0,1.0,0.0,0.0,0.0,0.0,2021-06-21 15:28:17
1996,PREFEITO,PARTIDO ISOLADO,#NE,#NE,#NE,30 a 34 anos,,#NE,#NE,TERESINA,#NE,N,#NE,#NE,NORDESTE,PSTU,#NE,NAO ELEITO,Eleição Ordinária,1,PI,1.0,0.0,0.0,1.0,0.0,0.0,2021-06-21 15:28:17
1996,PREFEITO,PARTIDO ISOLADO,#NE,#NE,#NE,35 a 39 anos,,#NE,#NE,BAIXA GRANDE DO RIBEIRO,#NE,N,#NE,#NE,NORDESTE,PSDB,#NE,NAO ELEITO,Eleição Ordinária,1,PI,1.0,0.0,0.0,1.0,0.0,0.0,2021-06-21 15:28:17
1996,PREFEITO,PARTIDO ISOLADO,#NE,#NE,#NE,35 a 39 anos,,#NE,#NE,CONCEICAO DO CANINDE,#NE,N,#NE,#NE,NORDESTE,PMDB,#NE,NAO ELEITO,Eleição Ordinária,1,PI,1.0,0.0,0.0,1.0,0.0,0.0,2021-06-21 15:28:17
1996,PREFEITO,PARTIDO ISOLADO,#NE,#NE,#NE,35 a 39 anos,,#NE,#NE,CRISTINO CASTRO,#NE,N,#NE,#NE,NORDESTE,PPS,#NE,NAO ELEITO,Eleição Ordinária,1,PI,1.0,0.0,0.0,1.0,0.0,0.0,2021-06-21 15:28:17
1996,PREFEITO,PARTIDO ISOLADO,#NE,#NE,#NE,35 a 39 anos,,#NE,#NE,CRISTINO CASTRO,#NE,N,#NE,#NE,NORDESTE,PT,#NE,NAO ELEITO,Eleição Ordinária,1,PI,1.0,0.0,0.0,1.0,0.0,0.0,2021-06-21 15:28:17
1996,PREFEITO,PARTIDO ISOLADO,#NE,#NE,#NE,35 a 39 anos,,#NE,#NE,FLORIANOPOLIS,#NE,N,#NE,#NE,SUL,PSTU,#NE,#NULO#,Eleição Ordinária,1,SC,1.0,0.0,0.0,0.0,0.0,1.0,2021-06-21 15:28:17
1996,PREFEITO,PARTIDO ISOLADO,#NE,#NE,#NE,35 a 39 anos,,#NE,#NE,FORTALEZA,#NE,N,#NE,#NE,NORDESTE,PT DO B,#NE,NAO ELEITO,Eleição Ordinária,1,CE,1.0,0.0,0.0,1.0,0.0,0.0,2021-06-21 15:28:17
1996,PREFEITO,PARTIDO ISOLADO,#NE,#NE,#NE,35 a 39 anos,,#NE,#NE,JOAO PESSOA,#NE,N,#NE,#NE,NORDESTE,PCO,#NE,NAO ELEITO,Eleição Ordinária,1,PB,1.0,0.0,0.0,1.0,0.0,0.0,2021-06-21 15:28:17
1996,PREFEITO,PARTIDO ISOLADO,#NE,#NE,#NE,35 a 39 anos,,#NE,#NE,MONSENHOR HIPOLITO,#NE,N,#NE,#NE,NORDESTE,PSDB,#NE,NAO ELEITO,Eleição Ordinária,1,PI,1.0,0.0,0.0,1.0,0.0,0.0,2021-06-21 15:28:17
1996,PREFEITO,PARTIDO ISOLADO,#NE,#NE,#NE,35 a 39 anos,,#NE,#NE,PALMAS,#NE,N,#NE,#NE,NORTE,PV,#NE,NAO ELEITO,Eleição Ordinária,1,TO,1.0,0.0,0.0,1.0,0.0,0.0,2021-06-21 15:28:17
1996,PREFEITO,PARTIDO ISOLADO,#NE,#NE,#NE,35 a 39 anos,,#NE,#NE,PIMENTEIRAS,#NE,N,#NE,#NE,NORDESTE,PFL,#NE,ELEITO,Eleição Ordinária,1,PI,1.0,1.0,0.0,0.0,0.0,0.0,2021-06-21 15:28:17
1996,PREFEITO,PARTIDO ISOLADO,#NE,#NE,#NE,35 a 39 anos,,#NE,#NE,PORTO ALEGRE,#NE,N,#NE,#NE,SUL,PSTU,#NE,NAO ELEITO,Eleição Ordinária,1,RS,1.0,0.0,0.0,1.0,0.0,0.0,2021-06-21 15:28:17
1996,PREFEITO,PARTIDO ISOLADO,#NE,#NE,#NE,35 a 39 anos,,#NE,#NE,PORTO ALEGRE DO PIAUI,#NE,N,#NE,#NE,NORDESTE,PFL,#NE,NAO ELEITO,Eleição Ordinária,1,PI,1.0,0.0,0.0,1.0,0.0,0.0,2021-06-21 15:28:17
1996,PREFEITO,PARTIDO ISOLADO,#NE,#NE,#NE,35 a 39 anos,,#NE,#NE,PORTO VELHO,#NE,N,#NE,#NE,NORTE,PT,#NE,NAO ELEITO,Eleição Ordinária,1,RO,1.0,0.0,0.0,1.0,0.0,0.0,2021-06-21 15:28:17
1996,PREFEITO,PARTIDO ISOLADO,#NE,#NE,#NE,35 a 39 anos,,#NE,#NE,RIO BRANCO,#NE,N,#NE,#NE,NORTE,PC DO B,#NE,NAO ELEITO,Eleição Ordinária,1,AC,1.0,0.0,0.0,1.0,0.0,0.0,2021-06-21 15:28:17
1996,PREFEITO,PARTIDO ISOLADO,#NE,#NE,#NE,35 a 39 anos,,#NE,#NE,RIO BRANCO,#NE,N,#NE,#NE,NORTE,PMN,#NE,NAO ELEITO,Eleição Ordinária,1,AC,1.0,0.0,0.0,1.0,0.0,0.0,2021-06-21 15:28:17
1996,PREFEITO,PARTIDO ISOLADO,#NE,#NE,#NE,35 a 39 anos,,#NE,#NE,SANTA CRUZ DOS MILAGRES,#NE,N,#NE,#NE,NORDESTE,PTB,#NE,ELEITO,Eleição Ordinária,1,PI,1.0,1.0,0.0,0.0,0.0,0.0,2021-06-21 15:28:17
1996,PREFEITO,PARTIDO ISOLADO,#NE,#NE,#NE,35 a 39 anos,,#NE,#NE,SANTO INACIO DO PIAUI,#NE,N,#NE,#NE,NORDESTE,PFL,#NE,NAO ELEITO,Eleição Ordinária,1,PI,1.0,0.0,0.0,1.0,0.0,0.0,2021-06-21 15:28:17
1996,PREFEITO,PARTIDO ISOLADO,#NE,#NE,#NE,35 a 39 anos,,#NE,#NE,SAO MIGUEL DO FIDALGO,#NE,N,#NE,#NE,NORDESTE,PTB,#NE,ELEITO,Eleição Ordinária,1,PI,1.0,1.0,0.0,0.0,0.0,0.0,2021-06-21 15:28:17
1996,PREFEITO,PARTIDO ISOLADO,#NE,#NE,#NE,35 a 39 anos,,#NE,#NE,SENADOR CANEDO,#NE,N,#NE,#NE,CENTRO-OESTE,PPS,#NE,NAO ELEITO,Eleição Ordinária,1,GO,1.0,0.0,0.0,1.0,0.0,0.0,2021-06-21 15:28:17
1996,PREFEITO,PARTIDO ISOLADO,#NE,#NE,#NE,35 a 39 anos,,#NE,#NE,VITORIA,#NE,N,#NE,#NE,SUDESTE,PPB,#NE,NAO ELEITO,Eleição Ordinária,1,ES,1.0,0.0,0.0,1.0,0.0,0.0,2021-06-21 15:28:17
1996,PREFEITO,PARTIDO ISOLADO,#NE,#NE,#NE,35 a 39 anos,,#NE,#NE,WALL FERRAZ,#NE,N,#NE,#NE,NORDESTE,PSDB,#NE,NAO ELEITO,Eleição Ordinária,1,PI,1.0,0.0,0.0,1.0,0.0,0.0,2021-06-21 15:28:17
1996,PREFEITO,PARTIDO ISOLADO,#NE,#NE,#NE,40 a 44 anos,,#NE,#NE,AGRICOLANDIA,#NE,N,#NE,#NE,NORDESTE,PFL,#NE,ELEITO,Eleição Ordinária,1,PI,1.0,1.0,0.0,0.0,0.0,0.0,2021-06-21 15:28:17
1996,PREFEITO,PARTIDO ISOLADO,#NE,#NE,#NE,40 a 44 anos,,#NE,#NE,AGRICOLANDIA,#NE,N,#NE,#NE,NORDESTE,PMDB,#NE,NAO ELEITO,Eleição Ordinária,1,PI,1.0,0.0,0.0,1.0,0.0,0.0,2021-06-21 15:28:17
1996,PREFEITO,PARTIDO ISOLADO,#NE,#NE,#NE,40 a 44 anos,,#NE,#NE,ALVORADA DO GURGUEIA,#NE,N,#NE,#NE,NORDESTE,PTB,#NE,NAO ELEITO,Eleição Ordinária,1,PI,1.0,0.0,0.0,1.0,0.0,0.0,2021-06-21 15:28:17
1996,PREFEITO,PARTIDO ISOLADO,#NE,#NE,#NE,40 a 44 anos,,#NE,#NE,ANTONIO ALMEIDA,#NE,N,#NE,#NE,NORDESTE,PSDB,#NE,NAO ELEITO,Eleição Ordinária,1,PI,1.0,0.0,0.0,1.0,0.0,0.0,2021-06-21 15:28:17
1996,PREFEITO,PARTIDO ISOLADO,#NE,#NE,#NE,40 a 44 anos,,#NE,#NE,APARECIDA DO RIO NEGRO,#NE,N,#NE,#NE,NORTE,PTB,#NE,ELEITO,Eleição Ordinária,1,TO,1.0,1.0,0.0,0.0,0.0,0.0,2021-06-21 15:28:17
1996,PREFEITO,PARTIDO ISOLADO,#NE,#NE,#NE,40 a 44 anos,,#NE,#NE,ARACAJU,#NE,N,#NE,#NE,NORDESTE,PSTU,#NE,NAO ELEITO,Eleição Ordinária,1,SE,1.0,0.0,0.0,1.0,0.0,0.0,2021-06-21 15:28:17
1996,PREFEITO,PARTIDO ISOLADO,#NE,#NE,#NE,40 a 44 anos,,#NE,#NE,BARRA D'ALCANTARA,#NE,N,#NE,#NE,NORDESTE,PFL,#NE,NAO ELEITO,Eleição Ordinária,1,PI,1.0,0.0,0.0,1.0,0.0,0.0,2021-06-21 15:28:17
1996,PREFEITO,PARTIDO ISOLADO,#NE,#NE,#NE,40 a 44 anos,,#NE,#NE,BARRA D'ALCANTARA,#NE,N,#NE,#NE,NORDESTE,PSDB,#NE,ELEITO,Eleição Ordinária,1,PI,1.0,1.0,0.0,0.0,0.0,0.0,2021-06-21 15:28:17
1996,PREFEITO,PARTIDO ISOLADO,#NE,#NE,#NE,40 a 44 anos,,#NE,#NE,BELEM,#NE,N,#NE,#NE,NORTE,PL,#NE,NAO ELEITO,Eleição Ordinária,1,PA,1.0,0.0,0.0,1.0,0.0,0.0,2021-06-21 15:28:17
1996,PREFEITO,PARTIDO ISOLADO,#NE,#NE,#NE,40 a 44 anos,,#NE,#NE,BOA VISTA,#NE,N,#NE,#NE,NORTE,PSL,#NE,NAO ELEITO,Eleição Ordinária,1,RR,1.0,0.0,0.0,1.0,0.0,0.0,2021-06-21 15:28:17
1996,PREFEITO,PARTIDO ISOLADO,#NE,#NE,#NE,40 a 44 anos,,#NE,#NE,BUJARI,#NE,N,#NE,#NE,NORTE,PMDB,#NE,ELEITO,Eleição Ordinária,1,AC,1.0,1.0,0.0,0.0,0.0,0.0,2021-06-21 15:28:17
1996,PREFEITO,PARTIDO ISOLADO,#NE,#NE,#NE,40 a 44 anos,,#NE,#NE,CAPIXABA,#NE,N,#NE,#NE,NORTE,PT,#NE,NAO ELEITO,Eleição Ordinária,1,AC,1.0,0.0,0.0,1.0,0.0,0.0,2021-06-21 15:28:17
1996,PREFEITO,PARTIDO ISOLADO,#NE,#NE,#NE,40 a 44 anos,,#NE,#NE,CRISTINO CASTRO,#NE,N,#NE,#NE,NORDESTE,PTB,#NE,NAO ELEITO,Eleição Ordinária,1,PI,1.0,0.0,0.0,1.0,0.0,0.0,2021-06-21 15:28:17
1996,PREFEITO,PARTIDO ISOLADO,#NE,#NE,#NE,40 a 44 anos,,#NE,#NE,CURRALINHOS,#NE,N,#NE,#NE,NORDESTE,PPB,#NE,ELEITO,Eleição Ordinária,1,PI,1.0,1.0,0.0,0.0,0.0,0.0,2021-06-21 15:28:17
1996,PREFEITO,PARTIDO ISOLADO,#NE,#NE,#NE,40 a 44 anos,,#NE,#NE,FORTALEZA,#NE,N,#NE,#NE,NORDESTE,PDT,#NE,NAO ELEITO,Eleição Ordinária,1,CE,1.0,0.0,0.0,1.0,0.0,0.0,2021-06-21 15:28:17
1996,PREFEITO,PARTIDO ISOLADO,#NE,#NE,#NE,40 a 44 anos,,#NE,#NE,FORTALEZA,#NE,N,#NE,#NE,NORDESTE,PV,#NE,NAO ELEITO,Eleição Ordinária,1,CE,1.0,0.0,0.0,1.0,0.0,0.0,2021-06-21 15:28:17
1996,PREFEITO,PARTIDO ISOLADO,#NE,#NE,#NE,40 a 44 anos,,#NE,#NE,FRANCINOPOLIS,#NE,N,#NE,#NE,NORDESTE,PT,#NE,NAO ELEITO,Eleição Ordinária,1,PI,1.0,0.0,0.0,1.0,0.0,0.0,2021-06-21 15:28:17
1996,PREFEITO,PARTIDO ISOLADO,#NE,#NE,#NE,40 a 44 anos,,#NE,#NE,FRANCISCO MACEDO,#NE,N,#NE,#NE,NORDESTE,PFL,#NE,ELEITO,Eleição Ordinária,1,PI,1.0,1.0,0.0,0.0,0.0,0.0,2021-06-21 15:28:17
1996,PREFEITO,PARTIDO ISOLADO,#NE,#NE,#NE,40 a 44 anos,,#NE,#NE,ITAINOPOLIS,#NE,N,#NE,#NE,NORDESTE,PTB,#NE,NAO ELEITO,Eleição Ordinária,1,PI,1.0,0.0,0.0,1.0,0.0,0.0,2021-06-21 15:28:17
1996,PREFEITO,PARTIDO ISOLADO,#NE,#NE,#NE,40 a 44 anos,,#NE,#NE,JOAO PESSOA,#NE,N,#NE,#NE,NORDESTE,PSTU,#NE,NAO ELEITO,Eleição Ordinária,1,PB,1.0,0.0,0.0,1.0,0.0,0.0,2021-06-21 15:28:17
1996,PREFEITO,PARTIDO ISOLADO,#NE,#NE,#NE,40 a 44 anos,,#NE,#NE,MANAUS,#NE,N,#NE,#NE,NORTE,PT DO B,#NE,NAO ELEITO,Eleição Ordinária,1,AM,1.0,0.0,0.0,1.0,0.0,0.0,2021-06-21 15:28:17
1996,PREFEITO,PARTIDO ISOLADO,#NE,#NE,#NE,40 a 44 anos,,#NE,#NE,MARCOS PARENTE,#NE,N,#NE,#NE,NORDESTE,PPB,#NE,ELEITO,Eleição Ordinária,1,PI,1.0,1.0,0.0,0.0,0.0,0.0,2021-06-21 15:28:17
1996,PREFEITO,PARTIDO ISOLADO,#NE,#NE,#NE,40 a 44 anos,,#NE,#NE,MONTE ALEGRE DO PIAUI,#NE,N,#NE,#NE,NORDESTE,PFL,#NE,ELEITO,Eleição Ordinária,1,PI,1.0,1.0,0.0,0.0,0.0,0.0,2021-06-21 15:28:17
1996,PREFEITO,PARTIDO ISOLADO,#NE,#NE,#NE,40 a 44 anos,,#NE,#NE,MORRO CABECA NO TEMPO,#NE,N,#NE,#NE,NORDESTE,PFL,#NE,NAO ELEITO,Eleição Ordinária,1,PI,1.0,0.0,0.0,1.0,0.0,0.0,2021-06-21 15:28:17
1996,PREFEITO,PARTIDO ISOLADO,#NE,#NE,#NE,40 a 44 anos,,#NE,#NE,NATAL,#NE,N,#NE,#NE,NORDESTE,PSTU,#NE,NAO ELEITO,Eleição Ordinária,1,RN,1.0,0.0,0.0,1.0,0.0,0.0,2021-06-21 15:28:17
1996,PREFEITO,PARTIDO ISOLADO,#NE,#NE,#NE,40 a 44 anos,,#NE,#NE,PIO IX,#NE,N,#NE,#NE,NORDESTE,PPB,#NE,ELEITO,Eleição Ordinária,1,PI,1.0,1.0,0.0,0.0,0.0,0.0,2021-06-21 15:28:17
1996,PREFEITO,PARTIDO ISOLADO,#NE,#NE,#NE,40 a 44 anos,,#NE,#NE,PORTO ACRE,#NE,N,#NE,#NE,NORTE,PFL,#NE,ELEITO,Eleição Ordinária,1,AC,1.0,1.0,0.0,0.0,0.0,0.0,2021-06-21 15:28:17
1996,PREFEITO,PARTIDO ISOLADO,#NE,#NE,#NE,40 a 44 anos,,#NE,#NE,PORTO ACRE,#NE,N,#NE,#NE,NORTE,PMDB,#NE,NAO ELEITO,Eleição Ordinária,1,AC,1.0,0.0,0.0,1.0,0.0,0.0,2021-06-21 15:28:17
1996,PREFEITO,PARTIDO ISOLADO,#NE,#NE,#NE,40 a 44 anos,,#NE,#NE,PORTO VELHO,#NE,N,#NE,#NE,NORTE,PMDB,#NE,NAO ELEITO,Eleição Ordinária,1,RO,1.0,0.0,0.0,1.0,0.0,0.0,2021-06-21 15:28:17
1996,PREFEITO,PARTIDO ISOLADO,#NE,#NE,#NE,40 a 44 anos,,#NE,#NE,PORTO VELHO,#NE,N,#NE,#NE,NORTE,PSB,#NE,NAO ELEITO,Eleição Ordinária,1,RO,1.0,0.0,0.0,1.0,0.0,0.0,2021-06-21 15:28:17
1996,PREFEITO,PARTIDO ISOLADO,#NE,#NE,#NE,40 a 44 anos,,#NE,#NE,PORTO VELHO,#NE,N,#NE,#NE,NORTE,PT DO B,#NE,NAO ELEITO,Eleição Ordinária,1,RO,1.0,0.0,0.0,1.0,0.0,0.0,2021-06-21 15:28:17
1996,PREFEITO,PARTIDO ISOLADO,#NE,#NE,#NE,40 a 44 anos,,#NE,#NE,RECIFE,#NE,N,#NE,#NE,NORDESTE,PSTU,#NE,NAO ELEITO,Eleição Ordinária,1,PE,1.0,0.0,0.0,1.0,0.0,0.0,2021-06-21 15:28:17
1996,PREFEITO,PARTIDO ISOLADO,#NE,#NE,#NE,40 a 44 anos,,#NE,#NE,RIACHO FRIO,#NE,N,#NE,#NE,NORDESTE,PSDB,#NE,NAO ELEITO,Eleição Ordinária,1,PI,1.0,0.0,0.0,1.0,0.0,0.0,2021-06-21 15:28:17
1996,PREFEITO,PARTIDO ISOLADO,#NE,#NE,#NE,40 a 44 anos,,#NE,#NE,SALVADOR,#NE,N,#NE,#NE,NORDESTE,PGT,#NE,NAO ELEITO,Eleição Ordinária,1,BA,1.0,0.0,0.0,1.0,0.0,0.0,2021-06-21 15:28:17
1996,PREFEITO,PARTIDO ISOLADO,#NE,#NE,#NE,40 a 44 anos,,#NE,#NE,SANTA FILOMENA,#NE,N,#NE,#NE,NORDESTE,PPB,#NE,NAO ELEITO,Eleição Ordinária,1,PI,1.0,0.0,0.0,1.0,0.0,0.0,2021-06-21 15:28:17
1996,PREFEITO,PARTIDO ISOLADO,#NE,#NE,#NE,40 a 44 anos,,#NE,#NE,SANTO ANTONIO DOS MILAGRES,#NE,N,#NE,#NE,NORDESTE,PFL,#NE,NAO ELEITO,Eleição Ordinária,1,PI,1.0,0.0,0.0,1.0,0.0,0.0,2021-06-21 15:28:17
1996,PREFEITO,PARTIDO ISOLADO,#NE,#NE,#NE,40 a 44 anos,,#NE,#NE,SAO JOAO DA CANABRAVA,#NE,N,#NE,#NE,NORDESTE,PFL,#NE,ELEITO,Eleição Ordinária,1,PI,1.0,1.0,0.0,0.0,0.0,0.0,2021-06-21 15:28:17
1996,PREFEITO,PARTIDO ISOLADO,#NE,#NE,#NE,40 a 44 anos,,#NE,#NE,SAO JOSE DO PEIXE,#NE,N,#NE,#NE,NORDESTE,PTB,#NE,NAO ELEITO,Eleição Ordinária,1,PI,1.0,0.0,0.0,1.0,0.0,0.0,2021-06-21 15:28:17
1996,PREFEITO,PARTIDO ISOLADO,#NE,#NE,#NE,40 a 44 anos,,#NE,#NE,SAO LUIS,#NE,N,#NE,#NE,NORDESTE,PSDB,#NE,NAO ELEITO,Eleição Ordinária,1,MA,1.0,0.0,0.0,1.0,0.0,0.0,2021-06-21 15:28:17
1996,PREFEITO,PARTIDO ISOLADO,#NE,#NE,#NE,40 a 44 anos,,#NE,#NE,SAO PAULO,#NE,N,#NE,#NE,SUDESTE,PRONA,#NE,NAO ELEITO,Eleição Ordinária,1,SP,1.0,0.0,0.0,1.0,0.0,0.0,2021-06-21 15:28:17
1996,PREFEITO,PARTIDO ISOLADO,#NE,#NE,#NE,40 a 44 anos,,#NE,#NE,SAO PAULO,#NE,N,#NE,#NE,SUDESTE,PRP,#NE,NAO ELEITO,Eleição Ordinária,1,SP,1.0,0.0,0.0,1.0,0.0,0.0,2021-06-21 15:28:17
1996,PREFEITO,PARTIDO ISOLADO,#NE,#NE,#NE,40 a 44 anos,,#NE,#NE,SAO PAULO,#NE,N,#NE,#NE,SUDESTE,PSTU,#NE,NAO ELEITO,Eleição Ordinária,1,SP,1.0,0.0,0.0,1.0,0.0,0.0,2021-06-21 15:28:17
1996,PREFEITO,PARTIDO ISOLADO,#NE,#NE,#NE,40 a 44 anos,,#NE,#NE,TERESINA,#NE,N,#NE,#NE,NORDESTE,PT,#NE,NAO ELEITO,Eleição Ordinária,1,PI,1.0,0.0,0.0,1.0,0.0,0.0,2021-06-21 15:28:17
1996,PREFEITO,PARTIDO ISOLADO,#NE,#NE,#NE,40 a 44 anos,,#NE,#NE,VILA NOVA DO PIAUI,#NE,N,#NE,#NE,NORDESTE,PDT,#NE,NAO ELEITO,Eleição Ordinária,1,PI,1.0,0.0,0.0,1.0,0.0,0.0,2021-06-21 15:28:17
1996,PREFEITO,PARTIDO ISOLADO,#NE,#NE,#NE,40 a 44 anos,,#NE,#NE,VILA NOVA DO PIAUI,#NE,N,#NE,#NE,NORDESTE,PFL,#NE,NAO ELEITO,Eleição Ordinária,1,PI,1.0,0.0,0.0,1.0,0.0,0.0,2021-06-21 15:28:17
1996,PREFEITO,PARTIDO ISOLADO,#NE,#NE,#NE,40 a 44 anos,,#NE,#NE,VITORIA,#NE,N,#NE,#NE,SUDESTE,PT,#NE,NAO ELEITO,Eleição Ordinária,1,ES,1.0,0.0,0.0,1.0,0.0,0.0,2021-06-21 15:28:17
1996,PREFEITO,PARTIDO ISOLADO,#NE,#NE,#NE,45 a 49 anos,,#NE,#NE,ARACAJU,#NE,N,#NE,#NE,NORDESTE,PV,#NE,NAO ELEITO,Eleição Ordinária,1,SE,1.0,0.0,0.0,1.0,0.0,0.0,2021-06-21 15:28:17
1996,PREFEITO,PARTIDO ISOLADO,#NE,#NE,#NE,45 a 49 anos,,#NE,#NE,BARRA DOS COQUEIROS,#NE,N,#NE,#NE,NORDESTE,PC DO B,#NE,#NULO#,Eleição Ordinária,1,SE,1.0,0.0,0.0,0.0,0.0,1.0,2021-06-21 15:28:17
1996,PREFEITO,PARTIDO ISOLADO,#NE,#NE,#NE,45 a 49 anos,,#NE,#NE,BELEM,#NE,N,#NE,#NE,NORTE,PRN,#NE,NAO ELEITO,Eleição Ordinária,1,PA,1.0,0.0,0.0,1.0,0.0,0.0,2021-06-21 15:28:17
1996,PREFEITO,PARTIDO ISOLADO,#NE,#NE,#NE,45 a 49 anos,,#NE,#NE,BOA VISTA,#NE,N,#NE,#NE,NORTE,PRTB,#NE,NAO ELEITO,Eleição Ordinária,1,RR,1.0,0.0,0.0,1.0,0.0,0.0,2021-06-21 15:28:17
1996,PREFEITO,PARTIDO ISOLADO,#NE,#NE,#NE,45 a 49 anos,,#NE,#NE,FRANCISCO AYRES,#NE,N,#NE,#NE,NORDESTE,PFL,#NE,ELEITO,Eleição Ordinária,1,PI,1.0,1.0,0.0,0.0,0.0,0.0,2021-06-21 15:28:17
1996,PREFEITO,PARTIDO ISOLADO,#NE,#NE,#NE,45 a 49 anos,,#NE,#NE,MANAUS,#NE,N,#NE,#NE,NORTE,PSTU,#NE,NAO ELEITO,Eleição Ordinária,1,AM,1.0,0.0,0.0,1.0,0.0,0.0,2021-06-21 15:28:17
1996,PREFEITO,PARTIDO ISOLADO,#NE,#NE,#NE,45 a 49 anos,,#NE,#NE,MONSENHOR GIL,#NE,N,#NE,#NE,NORDESTE,PDT,#NE,NAO ELEITO,Eleição Ordinária,1,PI,1.0,0.0,0.0,1.0,0.0,0.0,2021-06-21 15:28:17
1996,PREFEITO,PARTIDO ISOLADO,#NE,#NE,#NE,45 a 49 anos,,#NE,#NE,MORRO CABECA NO TEMPO,#NE,N,#NE,#NE,NORDESTE,PPB,#NE,NAO ELEITO,Eleição Ordinária,1,PI,1.0,0.0,0.0,1.0,0.0,0.0,2021-06-21 15:28:17
1996,PREFEITO,PARTIDO ISOLADO,#NE,#NE,#NE,45 a 49 anos,,#NE,#NE,PALMAS,#NE,N,#NE,#NE,NORTE,PMN,#NE,NAO ELEITO,Eleição Ordinária,1,TO,1.0,0.0,0.0,1.0,0.0,0.0,2021-06-21 15:28:17
1996,PREFEITO,PARTIDO ISOLADO,#NE,#NE,#NE,45 a 49 anos,,#NE,#NE,PIO IX,#NE,N,#NE,#NE,NORDESTE,PT,#NE,NAO ELEITO,Eleição Ordinária,1,PI,1.0,0.0,0.0,1.0,0.0,0.0,2021-06-21 15:28:17
1996,PREFEITO,PARTIDO ISOLADO,#NE,#NE,#NE,45 a 49 anos,,#NE,#NE,PORTO ALEGRE,#NE,N,#NE,#NE,SUL,PPB,#NE,NAO ELEITO,Eleição Ordinária,1,RS,1.0,0.0,0.0,1.0,0.0,0.0,2021-06-21 15:28:17
1996,PREFEITO,PARTIDO ISOLADO,#NE,#NE,#NE,45 a 49 anos,,#NE,#NE,PORTO ALEGRE,#NE,N,#NE,#NE,SUL,PRONA,#NE,NAO ELEITO,Eleição Ordinária,1,RS,1.0,0.0,0.0,1.0,0.0,0.0,2021-06-21 15:28:17
1996,PREFEITO,PARTIDO ISOLADO,#NE,#NE,#NE,45 a 49 anos,,#NE,#NE,PORTO VELHO,#NE,N,#NE,#NE,NORTE,PDT,#NE,ELEITO,Eleição Ordinária,1,RO,1.0,1.0,0.0,0.0,0.0,0.0,2021-06-21 15:28:17
1996,PREFEITO,PARTIDO ISOLADO,#NE,#NE,#NE,45 a 49 anos,,#NE,#NE,PORTO VELHO,#NE,N,#NE,#NE,NORTE,PRONA,#NE,NAO ELEITO,Eleição Ordinária,1,RO,1.0,0.0,0.0,1.0,0.0,0.0,2021-06-21 15:28:17
1996,PREFEITO,PARTIDO ISOLADO,#NE,#NE,#NE,45 a 49 anos,,#NE,#NE,RECIFE,#NE,N,#NE,#NE,NORDESTE,PPB,#NE,NAO ELEITO,Eleição Ordinária,1,PE,1.0,0.0,0.0,1.0,0.0,0.0,2021-06-21 15:28:17
1996,PREFEITO,PARTIDO ISOLADO,#NE,#NE,#NE,45 a 49 anos,,#NE,#NE,RECIFE,#NE,N,#NE,#NE,NORDESTE,PT DO B,#NE,NAO ELEITO,Eleição Ordinária,1,PE,1.0,0.0,0.0,1.0,0.0,0.0,2021-06-21 15:28:17
1996,PREFEITO,PARTIDO ISOLADO,#NE,#NE,#NE,45 a 49 anos,,#NE,#NE,RIO BRANCO,#NE,N,#NE,#NE,NORTE,PT DO B,#NE,NAO ELEITO,Eleição Ordinária,1,AC,1.0,0.0,0.0,1.0,0.0,0.0,2021-06-21 15:28:17
1996,PREFEITO,PARTIDO ISOLADO,#NE,#NE,#NE,45 a 49 anos,,#NE,#NE,SANTA FILOMENA,#NE,N,#NE,#NE,NORDESTE,PFL,#NE,ELEITO,Eleição Ordinária,1,PI,1.0,1.0,0.0,0.0,0.0,0.0,2021-06-21 15:28:17
1996,PREFEITO,PARTIDO ISOLADO,#NE,#NE,#NE,45 a 49 anos,,#NE,#NE,SAO FELIX DO TOCANTINS,#NE,N,#NE,#NE,NORTE,PMDB,#NE,NAO ELEITO,Eleição Ordinária,1,TO,1.0,0.0,0.0,1.0,0.0,0.0,2021-06-21 15:28:17
1996,PREFEITO,PARTIDO ISOLADO,#NE,#NE,#NE,45 a 49 anos,,#NE,#NE,SAO JOSE DO PEIXE,#NE,N,#NE,#NE,NORDESTE,PFL,#NE,ELEITO,Eleição Ordinária,1,PI,1.0,1.0,0.0,0.0,0.0,0.0,2021-06-21 15:28:17
1996,PREFEITO,PARTIDO ISOLADO,#NE,#NE,#NE,45 a 49 anos,,#NE,#NE,SAO MIGUEL DO FIDALGO,#NE,N,#NE,#NE,NORDESTE,PPB,#NE,NAO ELEITO,Eleição Ordinária,1,PI,1.0,0.0,0.0,1.0,0.0,0.0,2021-06-21 15:28:17
1996,PREFEITO,PARTIDO ISOLADO,#NE,#NE,#NE,45 a 49 anos,,#NE,#NE,SAO PAULO,#NE,N,#NE,#NE,SUDESTE,PRTB,#NE,NAO ELEITO,Eleição Ordinária,1,SP,1.0,0.0,0.0,1.0,0.0,0.0,2021-06-21 15:28:17
1996,PREFEITO,PARTIDO ISOLADO,#NE,#NE,#NE,45 a 49 anos,,#NE,#NE,SAO PEDRO DO PIAUI,#NE,N,#NE,#NE,NORDESTE,PFL,#NE,ELEITO,Eleição Ordinária,1,PI,1.0,1.0,0.0,0.0,0.0,0.0,2021-06-21 15:28:17
1996,PREFEITO,PARTIDO ISOLADO,#NE,#NE,#NE,45 a 49 anos,,#NE,#NE,SEBASTIAO LEAL,#NE,N,#NE,#NE,NORDESTE,PSDB,#NE,NAO ELEITO,Eleição Ordinária,1,PI,1.0,0.0,0.0,1.0,0.0,0.0,2021-06-21 15:28:17
1996,PREFEITO,PARTIDO ISOLADO,#NE,#NE,#NE,45 a 49 anos,,#NE,#NE,SENADOR CANEDO,#NE,N,#NE,#NE,CENTRO-OESTE,PT DO B,#NE,NAO ELEITO,Eleição Ordinária,1,GO,1.0,0.0,0.0,1.0,0.0,0.0,2021-06-21 15:28:17
1996,PREFEITO,PARTIDO ISOLADO,#NE,#NE,#NE,45 a 49 anos,,#NE,#NE,TERESINA,#NE,N,#NE,#NE,NORDESTE,PFL,#NE,NAO ELEITO,Eleição Ordinária,1,PI,1.0,0.0,0.0,1.0,0.0,0.0,2021-06-21 15:28:17
1996,PREFEITO,PARTIDO ISOLADO,#NE,#NE,#NE,45 a 49 anos,,#NE,#NE,VITORIA,#NE,N,#NE,#NE,SUDESTE,PRN,#NE,NAO ELEITO,Eleição Ordinária,1,ES,1.0,0.0,0.0,1.0,0.0,0.0,2021-06-21 15:28:17
1996,PREFEITO,PARTIDO ISOLADO,#NE,#NE,#NE,50 a 54 anos,,#NE,#NE,ABADIA DE GOIAS,#NE,N,#NE,#NE,CENTRO-OESTE,PL,#NE,NAO ELEITO,Eleição Ordinária,1,GO,1.0,0.0,0.0,1.0,0.0,0.0,2021-06-21 15:28:17
1996,PREFEITO,PARTIDO ISOLADO,#NE,#NE,#NE,50 a 54 anos,,#NE,#NE,ALVORADA DO GURGUEIA,#NE,N,#NE,#NE,NORDESTE,PPB,#NE,NAO ELEITO,Eleição Ordinária,1,PI,1.0,0.0,0.0,1.0,0.0,0.0,2021-06-21 15:28:17
1996,PREFEITO,PARTIDO ISOLADO,#NE,#NE,#NE,50 a 54 anos,,#NE,#NE,BELEM,#NE,N,#NE,#NE,NORTE,PMDB,#NE,NAO ELEITO,Eleição Ordinária,1,PA,1.0,0.0,0.0,1.0,0.0,0.0,2021-06-21 15:28:17
1996,PREFEITO,PARTIDO ISOLADO,#NE,#NE,#NE,50 a 54 anos,,#NE,#NE,BELO HORIZONTE,#NE,N,#NE,#NE,SUDESTE,PTN,#NE,RENUNCIA/FALECIMENTO ANTES DA ELEICAO,Eleição Ordinária,1,MG,1.0,0.0,0.0,0.0,0.0,1.0,2021-06-21 15:28:17
1996,PREFEITO,PARTIDO ISOLADO,#NE,#NE,#NE,50 a 54 anos,,#NE,#NE,FLORIANOPOLIS,#NE,N,#NE,#NE,SUL,PMDB,#NE,#NULO#,Eleição Ordinária,1,SC,1.0,0.0,0.0,0.0,0.0,1.0,2021-06-21 15:28:17
1996,PREFEITO,PARTIDO ISOLADO,#NE,#NE,#NE,50 a 54 anos,,#NE,#NE,FORTALEZA,#NE,N,#NE,#NE,NORDESTE,PSC,#NE,NAO ELEITO,Eleição Ordinária,1,CE,1.0,0.0,0.0,1.0,0.0,0.0,2021-06-21 15:28:17
1996,PREFEITO,PARTIDO ISOLADO,#NE,#NE,#NE,50 a 54 anos,,#NE,#NE,FRANCISCO SANTOS,#NE,N,#NE,#NE,NORDESTE,PT,#NE,NAO ELEITO,Eleição Ordinária,1,PI,1.0,0.0,0.0,1.0,0.0,0.0,2021-06-21 15:28:17
1996,PREFEITO,PARTIDO ISOLADO,#NE,#NE,#NE,50 a 54 anos,,#NE,#NE,MACAPA,#NE,N,#NE,#NE,NORTE,PTB,#NE,NAO ELEITO,Eleição Ordinária,1,AP,1.0,0.0,0.0,1.0,0.0,0.0,2021-06-21 15:28:17
1996,PREFEITO,PARTIDO ISOLADO,#NE,#NE,#NE,50 a 54 anos,,#NE,#NE,MACEIO,#NE,N,#NE,#NE,NORDESTE,PFL,#NE,NAO ELEITO,Eleição Ordinária,1,AL,1.0,0.0,0.0,1.0,0.0,0.0,2021-06-21 15:28:17
1996,PREFEITO,PARTIDO ISOLADO,#NE,#NE,#NE,50 a 54 anos,,#NE,#NE,NAZARE DO PIAUI,#NE,N,#NE,#NE,NORDESTE,PL,#NE,NAO ELEITO,Eleição Ordinária,1,PI,1.0,0.0,0.0,1.0,0.0,0.0,2021-06-21 15:28:17
1996,PREFEITO,PARTIDO ISOLADO,#NE,#NE,#NE,50 a 54 anos,,#NE,#NE,PORTO ALEGRE,#NE,N,#NE,#NE,SUL,PAN,#NE,NAO ELEITO,Eleição Ordinária,1,RS,1.0,0.0,0.0,1.0,0.0,0.0,2021-06-21 15:28:17
1996,PREFEITO,PARTIDO ISOLADO,#NE,#NE,#NE,50 a 54 anos,,#NE,#NE,PORTO ALEGRE,#NE,N,#NE,#NE,SUL,PMDB,#NE,NAO ELEITO,Eleição Ordinária,1,RS,1.0,0.0,0.0,1.0,0.0,0.0,2021-06-21 15:28:17
1996,PREFEITO,PARTIDO ISOLADO,#NE,#NE,#NE,50 a 54 anos,,#NE,#NE,PORTO ALEGRE,#NE,N,#NE,#NE,SUL,PSB,#NE,NAO ELEITO,Eleição Ordinária,1,RS,1.0,0.0,0.0,1.0,0.0,0.0,2021-06-21 15:28:17
1996,PREFEITO,PARTIDO ISOLADO,#NE,#NE,#NE,50 a 54 anos,,#NE,#NE,PORTO ALEGRE,#NE,N,#NE,#NE,SUL,PTB,#NE,NAO ELEITO,Eleição Ordinária,1,RS,1.0,0.0,0.0,1.0,0.0,0.0,2021-06-21 15:28:17
1996,PREFEITO,PARTIDO ISOLADO,#NE,#NE,#NE,50 a 54 anos,,#NE,#NE,PORTO VELHO,#NE,N,#NE,#NE,NORTE,PSDC,#NE,NAO ELEITO,Eleição Ordinária,1,RO,1.0,0.0,0.0,1.0,0.0,0.0,2021-06-21 15:28:17
1996,PREFEITO,PARTIDO ISOLADO,#NE,#NE,#NE,50 a 54 anos,,#NE,#NE,SALVADOR,#NE,N,#NE,#NE,NORDESTE,PMN,#NE,NAO ELEITO,Eleição Ordinária,1,BA,1.0,0.0,0.0,1.0,0.0,0.0,2021-06-21 15:28:17
1996,PREFEITO,PARTIDO ISOLADO,#NE,#NE,#NE,50 a 54 anos,,#NE,#NE,SANTA CRUZ DO PIAUI,#NE,N,#NE,#NE,NORDESTE,PSDB,#NE,NAO ELEITO,Eleição Ordinária,1,PI,1.0,0.0,0.0,1.0,0.0,0.0,2021-06-21 15:28:17
1996,PREFEITO,PARTIDO ISOLADO,#NE,#NE,#NE,50 a 54 anos,,#NE,#NE,SAO FELIX DO TOCANTINS,#NE,N,#NE,#NE,NORTE,PSDB,#NE,NAO ELEITO,Eleição Ordinária,1,TO,1.0,0.0,0.0,1.0,0.0,0.0,2021-06-21 15:28:17
1996,PREFEITO,PARTIDO ISOLADO,#NE,#NE,#NE,50 a 54 anos,,#NE,#NE,SAO GONCALO DO GURGUEIA,#NE,N,#NE,#NE,NORDESTE,PPS,#NE,NAO ELEITO,Eleição Ordinária,1,PI,1.0,0.0,0.0,1.0,0.0,0.0,2021-06-21 15:28:17
1996,PREFEITO,PARTIDO ISOLADO,#NE,#NE,#NE,50 a 54 anos,,#NE,#NE,SAO JOSE DO PEIXE,#NE,N,#NE,#NE,NORDESTE,PL,#NE,NAO ELEITO,Eleição Ordinária,1,PI,1.0,0.0,0.0,1.0,0.0,0.0,2021-06-21 15:28:17
1996,PREFEITO,PARTIDO ISOLADO,#NE,#NE,#NE,50 a 54 anos,,#NE,#NE,SAO JOSE DO PEIXE,#NE,N,#NE,#NE,NORDESTE,PSDB,#NE,NAO ELEITO,Eleição Ordinária,1,PI,1.0,0.0,0.0,1.0,0.0,0.0,2021-06-21 15:28:17
1996,PREFEITO,PARTIDO ISOLADO,#NE,#NE,#NE,55 a 59 anos,,#NE,#NE,BARREIRAS DO PIAUI,#NE,N,#NE,#NE,NORDESTE,PSDB,#NE,NAO ELEITO,Eleição Ordinária,1,PI,1.0,0.0,0.0,1.0,0.0,0.0,2021-06-21 15:28:17
1996,PREFEITO,PARTIDO ISOLADO,#NE,#NE,#NE,55 a 59 anos,,#NE,#NE,SANTA TEREZA DO TOCANTINS,#NE,N,#NE,#NE,NORTE,PMDB,#NE,ELEITO,Eleição Ordinária,1,TO,1.0,1.0,0.0,0.0,0.0,0.0,2021-06-21 15:28:17
1996,PREFEITO,PARTIDO ISOLADO,#NE,#NE,#NE,60 a 64 anos,,#NE,#NE,SAO PAULO,#NE,N,#NE,#NE,SUDESTE,PSC,#NE,NAO ELEITO,Eleição Ordinária,1,SP,1.0,0.0,0.0,1.0,0.0,0.0,2021-06-21 15:28:17
1996,PREFEITO,PARTIDO ISOLADO,#NE,#NE,#NE,60 a 64 anos,,#NE,#NE,VERA MENDES,#NE,N,#NE,#NE,NORDESTE,PSDB,#NE,NAO ELEITO,Eleição Ordinária,1,PI,1.0,0.0,0.0,1.0,0.0,0.0,2021-06-21 15:28:17
1996,PREFEITO,PARTIDO ISOLADO,#NE,#NE,#NE,65 a 69 anos,,#NE,#NE,AROAZES,#NE,N,#NE,#NE,NORDESTE,PTB,#NE,ELEITO,Eleição Ordinária,1,PI,1.0,1.0,0.0,0.0,0.0,0.0,2021-06-21 15:28:17
1996,PREFEITO,PARTIDO ISOLADO,#NE,#NE,#NE,65 a 69 anos,,#NE,#NE,MANAUS,#NE,N,#NE,#NE,NORTE,PMN,#NE,NAO ELEITO,Eleição Ordinária,1,AM,1.0,0.0,0.0,1.0,0.0,0.0,2021-06-21 15:28:17
1996,PREFEITO,PARTIDO ISOLADO,#NE,#NE,#NE,65 a 69 anos,,#NE,#NE,SALVADOR,#NE,N,#NE,#NE,NORDESTE,PMDB,#NE,NAO ELEITO,Eleição Ordinária,1,BA,1.0,0.0,0.0,1.0,0.0,0.0,2021-06-21 15:28:17
1996,PREFEITO,PARTIDO ISOLADO,#NE,#NE,#NE,65 a 69 anos,,#NE,#NE,SAO LUIS DO PIAUI,#NE,N,#NE,#NE,NORDESTE,PMDB,#NE,ELEITO,Eleição Ordinária,1,PI,1.0,1.0,0.0,0.0,0.0,0.0,2021-06-21 15:28:17
1996,PREFEITO,PARTIDO ISOLADO,#NE,#NE,#NE,70 a 74 anos,,#NE,#NE,PALMAS,#NE,N,#NE,#NE,NORTE,PPS,#NE,NAO ELEITO,Eleição Ordinária,1,TO,1.0,0.0,0.0,1.0,0.0,0.0,2021-06-21 15:28:17
1996,PREFEITO,PARTIDO ISOLADO,#NE,#NE,#NE,70 a 74 anos,,#NE,#NE,VERA MENDES,#NE,N,#NE,#NE,NORDESTE,PFL,#NE,NAO ELEITO,Eleição Ordinária,1,PI,1.0,0.0,0.0,1.0,0.0,0.0,2021-06-21 15:28:17
1996,PREFEITO,PARTIDO ISOLADO,#NE,#NE,#NE,75 a 79 anos,,#NE,#NE,MACAPA,#NE,N,#NE,#NE,NORTE,PFL,#NE,ELEITO,Eleição Ordinária,1,AP,1.0,1.0,0.0,0.0,0.0,0.0,2021-06-21 15:28:17
1996,PREFEITO,PENSE FORTE EM SALVADOR,#NE,#NE,#NE,40 a 44 anos,,#NE,#NE,SALVADOR,#NE,N,#NE,#NE,NORDESTE,PRP,#NE,NAO ELEITO,Eleição Ordinária,1,BA,1.0,0.0,0.0,1.0,0.0,0.0,2021-06-21 15:28:17
1996,PREFEITO,PFL PMDB PSDB,#NE,#NE,#NE,50 a 54 anos,,#NE,#NE,LANDRI SALES,#NE,N,#NE,#NE,NORDESTE,PFL,#NE,ELEITO,Eleição Ordinária,1,PI,1.0,1.0,0.0,0.0,0.0,0.0,2021-06-21 15:28:17
1996,PREFEITO,PIO IX PARA TODOS,#NE,#NE,#NE,30 a 34 anos,,#NE,#NE,PIO IX,#NE,N,#NE,#NE,NORDESTE,PSDB,#NE,NAO ELEITO,Eleição Ordinária,1,PI,1.0,0.0,0.0,1.0,0.0,0.0,2021-06-21 15:28:17
1996,PREFEITO,PMDB-PL,#NE,#NE,#NE,65 a 69 anos,,#NE,#NE,FORTALEZA,#NE,N,#NE,#NE,NORDESTE,PMDB,#NE,ELEITO,Eleição Ordinária,1,CE,1.0,1.0,0.0,0.0,0.0,0.0,2021-06-21 15:28:17
1996,PREFEITO,PMDB/PDT,#NE,#NE,#NE,40 a 44 anos,,#NE,#NE,RIO BRANCO,#NE,N,#NE,#NE,NORTE,PMDB,#NE,ELEITO,Eleição Ordinária,1,AC,1.0,1.0,0.0,0.0,0.0,0.0,2021-06-21 15:28:17
1996,PREFEITO,PMDB/PPB,#NE,#NE,#NE,45 a 49 anos,,#NE,#NE,PIMENTEIRAS,#NE,N,#NE,#NE,NORDESTE,PPB,#NE,NAO ELEITO,Eleição Ordinária,1,PI,1.0,0.0,0.0,1.0,0.0,0.0,2021-06-21 15:28:17
1996,PREFEITO,PODER POPULAR,#NE,#NE,#NE,35 a 39 anos,,#NE,#NE,BARRA DOS COQUEIROS,#NE,N,#NE,#NE,NORDESTE,PSB,#NE,#NULO#,Eleição Ordinária,1,SE,1.0,0.0,0.0,0.0,0.0,1.0,2021-06-21 15:28:17
1996,PREFEITO,PPB/PFL,#NE,#NE,#NE,35 a 39 anos,,#NE,#NE,RIO BRANCO,#NE,N,#NE,#NE,NORTE,PPB,#NE,NAO ELEITO,Eleição Ordinária,1,AC,1.0,0.0,0.0,1.0,0.0,0.0,2021-06-21 15:28:17
1996,PREFEITO,PPB/PSL,#NE,#NE,#NE,35 a 39 anos,,#NE,#NE,CAPIXABA,#NE,N,#NE,#NE,NORTE,PPB,#NE,ELEITO,Eleição Ordinária,1,AC,1.0,1.0,0.0,0.0,0.0,0.0,2021-06-21 15:28:17
1996,PREFEITO,PRA FAZER DIREITO,#NE,#NE,#NE,25 a 29 anos,,#NE,#NE,VARZEA GRANDE,#NE,N,#NE,#NE,NORDESTE,PSB,#NE,ELEITO,Eleição Ordinária,1,PI,1.0,1.0,0.0,0.0,0.0,0.0,2021-06-21 15:28:17
1996,PREFEITO,PSDB/PL/PSL,#NE,#NE,#NE,45 a 49 anos,,#NE,#NE,RIO BRANCO,#NE,N,#NE,#NE,NORTE,PSDB,#NE,NAO ELEITO,Eleição Ordinária,1,AC,1.0,0.0,0.0,1.0,0.0,0.0,2021-06-21 15:28:17
1996,PREFEITO,PT PSTU,#NE,#NE,#NE,30 a 34 anos,,#NE,#NE,MACEIO,#NE,N,#NE,#NE,NORDESTE,PT,#NE,2.O TURNO,Eleição Ordinária,1,AL,1.0,0.0,1.0,0.0,0.0,0.0,2021-06-21 15:28:17
1996,PREFEITO,PT PSTU,#NE,#NE,#NE,30 a 34 anos,,#NE,#NE,MACEIO,#NE,N,#NE,#NE,NORDESTE,PT,#NE,NAO ELEITO,Eleição Ordinária,2,AL,1.0,0.0,0.0,1.0,0.0,0.0,2021-06-21 15:28:17
1996,PREFEITO,RECIFELIZ,#NE,#NE,#NE,40 a 44 anos,,#NE,#NE,RECIFE,#NE,N,#NE,#NE,NORDESTE,PT,#NE,NAO ELEITO,Eleição Ordinária,1,PE,1.0,0.0,0.0,1.0,0.0,0.0,2021-06-21 15:28:17
1996,PREFEITO,RECONSTRUINDO MACEIO,#NE,#NE,#NE,35 a 39 anos,,#NE,#NE,MACEIO,#NE,N,#NE,#NE,NORDESTE,PSD,#NE,NAO ELEITO,Eleição Ordinária,1,AL,1.0,0.0,0.0,1.0,0.0,0.0,2021-06-21 15:28:17
1996,PREFEITO,REGISTENCIA POPULAR,#NE,#NE,#NE,25 a 29 anos,,#NE,#NE,SEBASTIAO LEAL,#NE,N,#NE,#NE,NORDESTE,PMDB,#NE,ELEITO,Eleição Ordinária,1,PI,1.0,1.0,0.0,0.0,0.0,0.0,2021-06-21 15:28:17
1996,PREFEITO,RENOVAR COM COMPETENCIA,#NE,#NE,#NE,35 a 39 anos,,#NE,#NE,JOAQUIM PIRES,#NE,N,#NE,#NE,NORDESTE,PMDB,#NE,ELEITO,Eleição Ordinária,1,PI,1.0,1.0,0.0,0.0,0.0,0.0,2021-06-21 15:28:17
1996,PREFEITO,ROSSI POR SAO PAULO,#NE,#NE,#NE,55 a 59 anos,,#NE,#NE,SAO PAULO,#NE,N,#NE,#NE,SUDESTE,PDT,#NE,NAO ELEITO,Eleição Ordinária,1,SP,1.0,0.0,0.0,1.0,0.0,0.0,2021-06-21 15:28:17
1996,PREFEITO,SAO PAULO ESPERANCA,#NE,#NE,#NE,55 a 59 anos,,#NE,#NE,SAO PAULO,#NE,N,#NE,#NE,SUDESTE,PTB,#NE,NAO ELEITO,Eleição Ordinária,1,SP,1.0,0.0,0.0,1.0,0.0,0.0,2021-06-21 15:28:17
1996,PREFEITO,SEM NOME,#NE,#NE,#NE,60 a 64 anos,,#NE,#NE,BENEDITINOS,#NE,N,#NE,#NE,NORDESTE,PPB,#NE,NAO ELEITO,Eleição Ordinária,1,PI,1.0,0.0,0.0,1.0,0.0,0.0,2021-06-21 15:28:17
1996,PREFEITO,SERIEDADE E CIDADANIA,#NE,#NE,#NE,60 a 64 anos,,#NE,#NE,MONSENHOR GIL,#NE,N,#NE,#NE,NORDESTE,PSB,#NE,NAO ELEITO,Eleição Ordinária,1,PI,1.0,0.0,0.0,1.0,0.0,0.0,2021-06-21 15:28:17
1996,PREFEITO,SIM POR SAO PAULO,#NE,#NE,#NE,60 a 64 anos,,#NE,#NE,SAO PAULO,#NE,N,#NE,#NE,SUDESTE,PT,#NE,2.O TURNO,Eleição Ordinária,1,SP,1.0,0.0,1.0,0.0,0.0,0.0,2021-06-21 15:28:17
1996,PREFEITO,SIM POR SAO PAULO,#NE,#NE,#NE,60 a 64 anos,,#NE,#NE,SAO PAULO,#NE,N,#NE,#NE,SUDESTE,PT,#NE,NAO ELEITO,Eleição Ordinária,2,SP,1.0,0.0,0.0,1.0,0.0,0.0,2021-06-21 15:28:17
1996,PREFEITO,SOLIDARIEDADE MUTIRAO E PROGRESSO,#NE,#NE,#NE,40 a 44 anos,,#NE,#NE,GOIANIA,#NE,N,#NE,#NE,CENTRO-OESTE,PMDB,#NE,2.O TURNO,Eleição Ordinária,1,GO,1.0,0.0,1.0,0.0,0.0,0.0,2021-06-21 15:28:17
1996,PREFEITO,SP-SAO PAULO,#NE,#NE,#NE,50 a 54 anos,,#NE,#NE,SAO PAULO,#NE,N,#NE,#NE,SUDESTE,PSDB,#NE,NAO ELEITO,Eleição Ordinária,1,SP,1.0,0.0,0.0,1.0,0.0,0.0,2021-06-21 15:28:17
1996,PREFEITO,TEM QUE MUDAR,#NE,#NE,#NE,40 a 44 anos,,#NE,#NE,PALMAS,#NE,N,#NE,#NE,NORTE,PMDB,#NE,NAO ELEITO,Eleição Ordinária,1,TO,1.0,0.0,0.0,1.0,0.0,0.0,2021-06-21 15:28:17
1996,PREFEITO,TEMPO DE RENOVAR,#NE,#NE,#NE,45 a 49 anos,,#NE,#NE,BELEM,#NE,N,#NE,#NE,NORTE,PRP,#NE,NAO ELEITO,Eleição Ordinária,1,PA,1.0,0.0,0.0,1.0,0.0,0.0,2021-06-21 15:28:17
1996,PREFEITO,TERESINA LIVRE,#NE,#NE,#NE,45 a 49 anos,,#NE,#NE,TERESINA,#NE,N,#NE,#NE,NORDESTE,PL,#NE,NAO ELEITO,Eleição Ordinária,1,PI,1.0,0.0,0.0,1.0,0.0,0.0,2021-06-21 15:28:17
1996,PREFEITO,TODOS POR BH,#NE,#NE,#NE,45 a 49 anos,,#NE,#NE,BELO HORIZONTE,#NE,N,#NE,#NE,SUDESTE,PSDB,#NE,2.O TURNO,Eleição Ordinária,1,MG,1.0,0.0,1.0,0.0,0.0,0.0,2021-06-21 15:28:17
1996,PREFEITO,TRABALHANDO POR MACEIO,#NE,#NE,#NE,55 a 59 anos,,#NE,#NE,MACEIO,#NE,N,#NE,#NE,NORDESTE,PTB,#NE,NAO ELEITO,Eleição Ordinária,1,AL,1.0,0.0,0.0,1.0,0.0,0.0,2021-06-21 15:28:17
1996,PREFEITO,TRABALHO E CIDADANIA,#NE,#NE,#NE,65 a 69 anos,,#NE,#NE,GOIANIA,#NE,N,#NE,#NE,CENTRO-OESTE,PSDB,#NE,2.O TURNO,Eleição Ordinária,1,GO,1.0,0.0,1.0,0.0,0.0,0.0,2021-06-21 15:28:17
1996,PREFEITO,TRABALHO E MORALIZACAO,#NE,#NE,#NE,35 a 39 anos,,#NE,#NE,SAO JOAO DA CANABRAVA,#NE,N,#NE,#NE,NORDESTE,PMDB,#NE,NAO ELEITO,Eleição Ordinária,1,PI,1.0,0.0,0.0,1.0,0.0,0.0,2021-06-21 15:28:17
1996,PREFEITO,TRABALHO E PROGRESSO,#NE,#NE,#NE,65 a 69 anos,,#NE,#NE,TERESINA,#NE,N,#NE,#NE,NORDESTE,PTB,#NE,NAO ELEITO,Eleição Ordinária,1,PI,1.0,0.0,0.0,1.0,0.0,0.0,2021-06-21 15:28:17
1996,PREFEITO,TRABALHO E SERIEDADE,#NE,#NE,#NE,55 a 59 anos,,#NE,#NE,SAO PEDRO DO PIAUI,#NE,N,#NE,#NE,NORDESTE,PDT,#NE,NAO ELEITO,Eleição Ordinária,1,PI,1.0,0.0,0.0,1.0,0.0,0.0,2021-06-21 15:28:17
1996,PREFEITO,TRABALHO HUMILDADE E RESPEITO AO POVO,#NE,#NE,#NE,45 a 49 anos,,#NE,#NE,ELESBAO VELOSO,#NE,N,#NE,#NE,NORDESTE,PSDB,#NE,ELEITO,Eleição Ordinária,1,PI,1.0,1.0,0.0,0.0,0.0,0.0,2021-06-21 15:28:17
1996,PREFEITO,TRIPLICE ALIANCA LIBERDADE TRABALHO E PROGRESSO,#NE,#NE,#NE,40 a 44 anos,,#NE,#NE,AVELINO LOPES,#NE,N,#NE,#NE,NORDESTE,PFL,#NE,NAO ELEITO,Eleição Ordinária,1,PI,1.0,0.0,0.0,1.0,0.0,0.0,2021-06-21 15:28:17
1996,PREFEITO,UNIAO DA VITORIA,#NE,#NE,#NE,45 a 49 anos,,#NE,#NE,FRANCISCO AYRES,#NE,N,#NE,#NE,NORDESTE,PSDB,#NE,NAO ELEITO,Eleição Ordinária,1,PI,1.0,0.0,0.0,1.0,0.0,0.0,2021-06-21 15:28:17
1996,PREFEITO,UNIAO DE APARECIDA,#NE,#NE,#NE,40 a 44 anos,,#NE,#NE,APARECIDA DO RIO NEGRO,#NE,N,#NE,#NE,NORTE,PPB,#NE,NAO ELEITO,Eleição Ordinária,1,TO,1.0,0.0,0.0,1.0,0.0,0.0,2021-06-21 15:28:17
1996,PREFEITO,UNIAO DEMOCRATICA LIBERAL,#NE,#NE,#NE,55 a 59 anos,,#NE,#NE,CRISTALANDIA DO PIAUI,#NE,N,#NE,#NE,NORDESTE,PFL,#NE,NAO ELEITO,Eleição Ordinária,1,PI,1.0,0.0,0.0,1.0,0.0,0.0,2021-06-21 15:28:17
1996,PREFEITO,UNIAO DEMOCRATICA LIBERAL,#NE,#NE,#NE,65 a 69 anos,,#NE,#NE,SANTO ANTONIO DOS MILAGRES,#NE,N,#NE,#NE,NORDESTE,PSDB,#NE,ELEITO,Eleição Ordinária,1,PI,1.0,1.0,0.0,0.0,0.0,0.0,2021-06-21 15:28:17
1996,PREFEITO,UNIAO DEMOCRATICA PARA MUDANCA,#NE,#NE,#NE,50 a 54 anos,,#NE,#NE,SANTA FILOMENA,#NE,N,#NE,#NE,NORDESTE,PSDB,#NE,NAO ELEITO,Eleição Ordinária,1,PI,1.0,0.0,0.0,1.0,0.0,0.0,2021-06-21 15:28:17
1996,PREFEITO,UNIAO DO POVO,#NE,#NE,#NE,35 a 39 anos,,#NE,#NE,SAO MIGUEL DA BAIXA GRANDE,#NE,N,#NE,#NE,NORDESTE,PSDB,#NE,NAO ELEITO,Eleição Ordinária,1,PI,1.0,0.0,0.0,1.0,0.0,0.0,2021-06-21 15:28:17
1996,PREFEITO,UNIAO DO PROGRESSO,#NE,#NE,#NE,40 a 44 anos,,#NE,#NE,NOVO ACORDO,#NE,N,#NE,#NE,NORTE,PPB,#NE,ELEITO,Eleição Ordinária,1,TO,1.0,1.0,0.0,0.0,0.0,0.0,2021-06-21 15:28:17
1996,PREFEITO,UNIAO DO TOCANTINS,#NE,#NE,#NE,35 a 39 anos,,#NE,#NE,SANTA TEREZA DO TOCANTINS,#NE,N,#NE,#NE,NORTE,PPB,#NE,NAO ELEITO,Eleição Ordinária,1,TO,1.0,0.0,0.0,1.0,0.0,0.0,2021-06-21 15:28:17
1996,PREFEITO,UNIAO DO TOCANTINS,#NE,#NE,#NE,55 a 59 anos,,#NE,#NE,PALMAS,#NE,N,#NE,#NE,NORTE,PPB,#NE,ELEITO,Eleição Ordinária,1,TO,1.0,1.0,0.0,0.0,0.0,0.0,2021-06-21 15:28:17
1996,PREFEITO,UNIAO E TRABALHO,#NE,#NE,#NE,45 a 49 anos,,#NE,#NE,ARRAIAL,#NE,N,#NE,#NE,NORDESTE,PL,#NE,ELEITO,Eleição Ordinária,1,PI,1.0,1.0,0.0,0.0,0.0,0.0,2021-06-21 15:28:17
1996,PREFEITO,UNIAO GENTE DA TERRA,#NE,#NE,#NE,65 a 69 anos,,#NE,#NE,CAPITAO DE CAMPOS,#NE,N,#NE,#NE,NORDESTE,PFL,#NE,ELEITO,Eleição Ordinária,1,PI,1.0,1.0,0.0,0.0,0.0,0.0,2021-06-21 15:28:17
1996,PREFEITO,UNIAO INDEPENDENTE,#NE,#NE,#NE,55 a 59 anos,,#NE,#NE,SAO LUIS,#NE,N,#NE,#NE,NORDESTE,PC DO B,#NE,NAO ELEITO,Eleição Ordinária,1,MA,1.0,0.0,0.0,1.0,0.0,0.0,2021-06-21 15:28:17
1996,PREFEITO,UNIAO LIBERAL,#NE,#NE,#NE,35 a 39 anos,,#NE,#NE,SAO GONCALO DO PIAUI,#NE,N,#NE,#NE,NORDESTE,PFL,#NE,ELEITO,Eleição Ordinária,1,PI,1.0,1.0,0.0,0.0,0.0,0.0,2021-06-21 15:28:17
1996,PREFEITO,UNIAO NOTA DEZ,#NE,#NE,#NE,40 a 44 anos,,#NE,#NE,SENADOR CANEDO,#NE,N,#NE,#NE,CENTRO-OESTE,PSDB,#NE,ELEITO,Eleição Ordinária,1,GO,1.0,1.0,0.0,0.0,0.0,0.0,2021-06-21 15:28:17
1996,PREFEITO,UNIAO PARA O PROGRESSO DE BOCAINA,#NE,#NE,#NE,50 a 54 anos,,#NE,#NE,BOCAINA,#NE,N,#NE,#NE,NORDESTE,PSDB,#NE,NAO ELEITO,Eleição Ordinária,1,PI,1.0,0.0,0.0,1.0,0.0,0.0,2021-06-21 15:28:17
1996,PREFEITO,UNIAO PELA PRESERVACAO DE ITAINOPOLIS,#NE,#NE,#NE,21 a 24 anos,,#NE,#NE,ITAINOPOLIS,#NE,N,#NE,#NE,NORDESTE,PPB,#NE,ELEITO,Eleição Ordinária,1,PI,1.0,1.0,0.0,0.0,0.0,0.0,2021-06-21 15:28:17
1996,PREFEITO,UNIAO PELO DESENVOLVIMENTO DE VERA MENDES,#NE,#NE,#NE,50 a 54 anos,,#NE,#NE,VERA MENDES,#NE,N,#NE,#NE,NORDESTE,PPB,#NE,ELEITO,Eleição Ordinária,1,PI,1.0,1.0,0.0,0.0,0.0,0.0,2021-06-21 15:28:17
1996,PREFEITO,UNIAO PELO MUNICIPIO,#NE,#NE,#NE,35 a 39 anos,,#NE,#NE,PORTO,#NE,N,#NE,#NE,NORDESTE,PMDB,#NE,ELEITO,Eleição Ordinária,1,PI,1.0,1.0,0.0,0.0,0.0,0.0,2021-06-21 15:28:17
1996,PREFEITO,UNIAO PELO RECIFE,#NE,#NE,#NE,60 a 64 anos,,#NE,#NE,RECIFE,#NE,N,#NE,#NE,NORDESTE,PFL,#NE,ELEITO,Eleição Ordinária,1,PE,1.0,1.0,0.0,0.0,0.0,0.0,2021-06-21 15:28:17
1996,PREFEITO,UNIAO POPULAR,#NE,#NE,#NE,40 a 44 anos,,#NE,#NE,GUARIBAS,#NE,N,#NE,#NE,NORDESTE,PSDB,#NE,NAO ELEITO,Eleição Ordinária,1,PI,1.0,0.0,0.0,1.0,0.0,0.0,2021-06-21 15:28:17
1996,PREFEITO,UNIAO POPULAR,#NE,#NE,#NE,40 a 44 anos,,#NE,#NE,RIACHO FRIO,#NE,N,#NE,#NE,NORDESTE,PTB,#NE,ELEITO,Eleição Ordinária,1,PI,1.0,1.0,0.0,0.0,0.0,0.0,2021-06-21 15:28:17
1996,PREFEITO,UNIAO POPULAR,#NE,#NE,#NE,45 a 49 anos,,#NE,#NE,SANTA CRUZ DO PIAUI,#NE,N,#NE,#NE,NORDESTE,PTB,#NE,ELEITO,Eleição Ordinária,1,PI,1.0,1.0,0.0,0.0,0.0,0.0,2021-06-21 15:28:17
1996,PREFEITO,UNIAO POPULAR INHUMENSE,#NE,#NE,#NE,40 a 44 anos,,#NE,#NE,INHUMA,#NE,N,#NE,#NE,NORDESTE,PPB,#NE,NAO ELEITO,Eleição Ordinária,1,PI,1.0,0.0,0.0,1.0,0.0,0.0,2021-06-21 15:28:17
1996,PREFEITO,UNIAO POR PORTO ALEGRE,#NE,#NE,#NE,50 a 54 anos,,#NE,#NE,PORTO ALEGRE,#NE,N,#NE,#NE,SUL,PSDB,#NE,NAO ELEITO,Eleição Ordinária,1,RS,1.0,0.0,0.0,1.0,0.0,0.0,2021-06-21 15:28:17
1996,PREFEITO,UNIAO POR SAO LUIS,#NE,#NE,#NE,55 a 59 anos,,#NE,#NE,SAO LUIS,#NE,N,#NE,#NE,NORDESTE,PPB,#NE,2.O TURNO,Eleição Ordinária,1,MA,1.0,0.0,1.0,0.0,0.0,0.0,2021-06-21 15:28:17
1996,PREFEITO,UNIAO POR SAO LUIS,#NE,#NE,#NE,55 a 59 anos,,#NE,#NE,SAO LUIS,#NE,N,#NE,#NE,NORDESTE,PPB,#NE,NAO ELEITO,Eleição Ordinária,2,MA,1.0,0.0,0.0,1.0,0.0,0.0,2021-06-21 15:28:17
1996,PREFEITO,UNIAO PROGRESSISTA,#NE,#NE,#NE,40 a 44 anos,,#NE,#NE,SAO MIGUEL DO FIDALGO,#NE,N,#NE,#NE,NORDESTE,PMDB,#NE,NAO ELEITO,Eleição Ordinária,1,PI,1.0,0.0,0.0,1.0,0.0,0.0,2021-06-21 15:28:17
1996,PREFEITO,UNIAO PROGRESSISTA PALMEIRINA,#NE,#NE,#NE,35 a 39 anos,,#NE,#NE,PALMEIRA DO PIAUI,#NE,N,#NE,#NE,NORDESTE,PDT,#NE,#NULO#,Eleição Ordinária,1,PI,1.0,0.0,0.0,0.0,0.0,1.0,2021-06-21 15:28:17
1996,PREFEITO,UNIAO SOCIAL POPULAR,#NE,#NE,#NE,35 a 39 anos,,#NE,#NE,PORTO ALEGRE,#NE,N,#NE,#NE,SUL,PST,#NE,NAO ELEITO,Eleição Ordinária,1,RS,1.0,0.0,0.0,1.0,0.0,0.0,2021-06-21 15:28:17
1996,PREFEITO,UNIAO TRABALHO E PROGRESSO,#NE,#NE,#NE,35 a 39 anos,,#NE,#NE,INHUMA,#NE,N,#NE,#NE,NORDESTE,PFL,#NE,ELEITO,Eleição Ordinária,1,PI,1.0,1.0,0.0,0.0,0.0,0.0,2021-06-21 15:28:17
1996,PREFEITO,UNIAO VITORIA E PROGRESSO,#NE,#NE,#NE,40 a 44 anos,,#NE,#NE,ABADIA DE GOIAS,#NE,N,#NE,#NE,CENTRO-OESTE,PMDB,#NE,ELEITO,Eleição Ordinária,1,GO,1.0,1.0,0.0,0.0,0.0,0.0,2021-06-21 15:28:17
1996,PREFEITO,UNIDADE POPULAR,#NE,#NE,#NE,35 a 39 anos,,#NE,#NE,PORTO ALEGRE,#NE,N,#NE,#NE,SUL,PDT,#NE,NAO ELEITO,Eleição Ordinária,1,RS,1.0,0.0,0.0,1.0,0.0,0.0,2021-06-21 15:28:17
1996,PREFEITO,UNIDADE POPULAR,#NE,#NE,#NE,50 a 54 anos,,#NE,#NE,NATAL,#NE,N,#NE,#NE,NORDESTE,PSDB,#NE,NAO ELEITO,Eleição Ordinária,1,RN,1.0,0.0,0.0,1.0,0.0,0.0,2021-06-21 15:28:17
1996,PREFEITO,UNIDOS A FAVOR,#NE,#NE,#NE,45 a 49 anos,,#NE,#NE,NOVO SANTO ANTONIO,#NE,N,#NE,#NE,NORDESTE,PMDB,#NE,NAO ELEITO,Eleição Ordinária,1,PI,1.0,0.0,0.0,1.0,0.0,0.0,2021-06-21 15:28:17
1996,PREFEITO,UNIDOS COM O POVO PARA RECONSTRUIR DE NOVO,#NE,#NE,#NE,65 a 69 anos,,#NE,#NE,NAZARE DO PIAUI,#NE,N,#NE,#NE,NORDESTE,PSDB,#NE,NAO ELEITO,Eleição Ordinária,1,PI,1.0,0.0,0.0,1.0,0.0,0.0,2021-06-21 15:28:17
1996,PREFEITO,UNIDOS PARA CONSTRUIR,#NE,#NE,#NE,75 a 79 anos,,#NE,#NE,SAO JOAO DO ARRAIAL,#NE,N,#NE,#NE,NORDESTE,PFL,#NE,ELEITO,Eleição Ordinária,1,PI,1.0,1.0,0.0,0.0,0.0,0.0,2021-06-21 15:28:17
1996,PREFEITO,UNIDOS PARA MUDAR,#NE,#NE,#NE,30 a 34 anos,,#NE,#NE,MATIAS OLIMPIO,#NE,N,#NE,#NE,NORDESTE,PPB,#NE,NAO ELEITO,Eleição Ordinária,1,PI,1.0,0.0,0.0,1.0,0.0,0.0,2021-06-21 15:28:17
1996,PREFEITO,UNIDOS PARA O PROGRESSO,#NE,#NE,#NE,35 a 39 anos,,#NE,#NE,SAO GONCALO DO GURGUEIA,#NE,N,#NE,#NE,NORDESTE,PPB,#NE,ELEITO,Eleição Ordinária,1,PI,1.0,1.0,0.0,0.0,0.0,0.0,2021-06-21 15:28:17
1996,PREFEITO,UNIDOS PARA VENCER,#NE,#NE,#NE,30 a 34 anos,,#NE,#NE,ELESBAO VELOSO,#NE,N,#NE,#NE,NORDESTE,PTB,#NE,NAO ELEITO,Eleição Ordinária,1,PI,1.0,0.0,0.0,1.0,0.0,0.0,2021-06-21 15:28:17
1996,PREFEITO,UNIDOS PARA VENCER,#NE,#NE,#NE,40 a 44 anos,,#NE,#NE,IPIRANGA DO PIAUI,#NE,N,#NE,#NE,NORDESTE,PMDB,#NE,NAO ELEITO,Eleição Ordinária,1,PI,1.0,0.0,0.0,1.0,0.0,0.0,2021-06-21 15:28:17
1996,PREFEITO,UNIDOS PARA VENCER,#NE,#NE,#NE,55 a 59 anos,,#NE,#NE,BELEM DO PIAUI,#NE,N,#NE,#NE,NORDESTE,PSDB,#NE,NAO ELEITO,Eleição Ordinária,1,PI,1.0,0.0,0.0,1.0,0.0,0.0,2021-06-21 15:28:17
1996,PREFEITO,UNIDOS PELA COLONIA,#NE,#NE,#NE,65 a 69 anos,,#NE,#NE,COLONIA DO GURGUEIA,#NE,N,#NE,#NE,NORDESTE,PPB,#NE,ELEITO,Eleição Ordinária,1,PI,1.0,1.0,0.0,0.0,0.0,0.0,2021-06-21 15:28:17
1996,PREFEITO,UNIDOS PELA RECUPERACAO,#NE,#NE,#NE,45 a 49 anos,,#NE,#NE,BENEDITINOS,#NE,N,#NE,#NE,NORDESTE,PFL,#NE,ELEITO,Eleição Ordinária,1,PI,1.0,1.0,0.0,0.0,0.0,0.0,2021-06-21 15:28:17
1996,PREFEITO,UNIDOS PELO POVO,#NE,#NE,#NE,55 a 59 anos,,#NE,#NE,PORTO,#NE,N,#NE,#NE,NORDESTE,PPB,#NE,NAO ELEITO,Eleição Ordinária,1,PI,1.0,0.0,0.0,1.0,0.0,0.0,2021-06-21 15:28:17
1996,PREFEITO,UNIDOS PELO PROGRESSO,#NE,#NE,#NE,45 a 49 anos,,#NE,#NE,VARZEA GRANDE,#NE,N,#NE,#NE,NORDESTE,PFL,#NE,NAO ELEITO,Eleição Ordinária,1,PI,1.0,0.0,0.0,1.0,0.0,0.0,2021-06-21 15:28:17
1996,PREFEITO,UNIDOS POR ALTO LONGA,#NE,#NE,#NE,45 a 49 anos,,#NE,#NE,ALTO LONGA,#NE,N,#NE,#NE,NORDESTE,PPB,#NE,ELEITO,Eleição Ordinária,1,PI,1.0,1.0,0.0,0.0,0.0,0.0,2021-06-21 15:28:17
1996,PREFEITO,UNIDOS POR MATIAS OLIMPIO,#NE,#NE,#NE,50 a 54 anos,,#NE,#NE,MATIAS OLIMPIO,#NE,N,#NE,#NE,NORDESTE,PFL,#NE,ELEITO,Eleição Ordinária,1,PI,1.0,1.0,0.0,0.0,0.0,0.0,2021-06-21 15:28:17
1996,PREFEITO,UNIDOS VENCEREMOS,#NE,#NE,#NE,30 a 34 anos,,#NE,#NE,SAO JOAO DO ARRAIAL,#NE,N,#NE,#NE,NORDESTE,PT,#NE,NAO ELEITO,Eleição Ordinária,1,PI,1.0,0.0,0.0,1.0,0.0,0.0,2021-06-21 15:28:17
1996,PREFEITO,UNIDOS VENCEREMOS,#NE,#NE,#NE,35 a 39 anos,,#NE,#NE,PORTO ACRE,#NE,N,#NE,#NE,NORTE,PMN,#NE,NAO ELEITO,Eleição Ordinária,1,AC,1.0,0.0,0.0,1.0,0.0,0.0,2021-06-21 15:28:17
1996,PREFEITO,UNINDO FORCAS COM VOCE,#NE,#NE,#NE,55 a 59 anos,,#NE,#NE,CURRALINHOS,#NE,N,#NE,#NE,NORDESTE,PFL,#NE,NAO ELEITO,Eleição Ordinária,1,PI,1.0,0.0,0.0,1.0,0.0,0.0,2021-06-21 15:28:17
1996,PREFEITO,VERDE E AMARELO,#NE,#NE,#NE,45 a 49 anos,,#NE,#NE,BARREIRAS DO PIAUI,#NE,N,#NE,#NE,NORDESTE,PSB,#NE,ELEITO,Eleição Ordinária,1,PI,1.0,1.0,0.0,0.0,0.0,0.0,2021-06-21 15:28:17
1996,PREFEITO,VIVER SAO PAULO,#NE,#NE,#NE,60 a 64 anos,,#NE,#NE,SAO PAULO,#NE,N,#NE,#NE,SUDESTE,PMDB,#NE,NAO ELEITO,Eleição Ordinária,1,SP,1.0,0.0,0.0,1.0,0.0,0.0,2021-06-21 15:28:17
1996,PREFEITO,VONTADE DO POVO,#NE,#NE,#NE,30 a 34 anos,,#NE,#NE,CARACOL,#NE,N,#NE,#NE,NORDESTE,PMDB,#NE,#NULO#,Eleição Ordinária,1,PI,1.0,0.0,0.0,0.0,0.0,1.0,2021-06-21 15:28:17
1996,PREFEITO,VONTADE DO POVO,#NE,#NE,#NE,40 a 44 anos,,#NE,#NE,NOVO SANTO ANTONIO,#NE,N,#NE,#NE,NORDESTE,PFL,#NE,ELEITO,Eleição Ordinária,1,PI,1.0,1.0,0.0,0.0,0.0,0.0,2021-06-21 15:28:17
1996,PREFEITO,VONTADE DO POVO,#NE,#NE,#NE,40 a 44 anos,,#NE,#NE,PADRE MARCOS,#NE,N,#NE,#NE,NORDESTE,PFL,#NE,ELEITO,Eleição Ordinária,1,PI,1.0,1.0,0.0,0.0,0.0,0.0,2021-06-21 15:28:17
1996,PREFEITO,VONTADE DO POVO,#NE,#NE,#NE,40 a 44 anos,,#NE,#NE,SAO FELIX DO PIAUI,#NE,N,#NE,#NE,NORDESTE,PPB,#NE,ELEITO,Eleição Ordinária,1,PI,1.0,1.0,0.0,0.0,0.0,0.0,2021-06-21 15:28:17
1996,PREFEITO,VONTADE DO POVO,#NE,#NE,#NE,45 a 49 anos,,#NE,#NE,LAGOA DO PIAUI,#NE,N,#NE,#NE,NORDESTE,PTB,#NE,ELEITO,Eleição Ordinária,1,PI,1.0,1.0,0.0,0.0,0.0,0.0,2021-06-21 15:28:17
1996,PREFEITO,VONTADE DO POVO,#NE,#NE,#NE,45 a 49 anos,,#NE,#NE,PIMENTEIRAS,#NE,N,#NE,#NE,NORDESTE,PTB,#NE,NAO ELEITO,Eleição Ordinária,1,PI,1.0,0.0,0.0,1.0,0.0,0.0,2021-06-21 15:28:17
1996,PREFEITO,VONTADE DO POVO,#NE,#NE,#NE,50 a 54 anos,,#NE,#NE,GILBUES,#NE,N,#NE,#NE,NORDESTE,PMDB,#NE,ELEITO,Eleição Ordinária,1,PI,1.0,1.0,0.0,0.0,0.0,0.0,2021-06-21 15:28:17
